id,first_name,last_name,last_update
1,Marianne,McOmish,2024-07-17 16:18:25
2,Horton,Maceur,2024-02-05 00:15:16
3,Curcio,Pidwell,2023-10-20 10:29:28
4,Denney,Glasbey,2024-03-31 14:12:15
5,Grant,Odby,2023-09-19 10:52:45
6,Crista,Hallad,2023-11-14 13:53:37
7,Kippar,Lumsdon,2023-10-02 07:31:52
8,Erik,Starling,2024-03-25 22:36:15
9,Margaretha,Barratt,2023-09-07 18:31:51
10,Hew,Vicarey,2023-12-11 04:27:01
11,Cart,Blencowe,2024-04-22 19:39:29
12,Olly,Ribchester,2024-06-05 10:26:02
13,Merlina,Brevitt,2024-05-21 04:18:45
14,Calla,Hands,2023-08-28 02:18:56
15,Jacques,Wiburn,2023-09-28 02:42:41
16,Shane,Lerigo,2023-10-09 16:26:35
17,Brodie,Gaitung,2024-04-01 14:07:24
18,Damita,Boeter,2024-01-02 22:53:38
19,Sibley,Fellgatt,2023-11-23 09:24:19
20,Neron,Winterson,2024-07-16 08:24:41
21,Mabelle,Townsend,2023-10-13 00:31:19
22,Isahella,Siflet,2023-08-04 02:06:08
23,Sherye,Sprionghall,2024-05-24 06:45:32
24,Reine,Balden,2023-12-30 16:41:02
25,Lucias,Younghusband,2023-10-25 14:52:24
26,Shanta,Chomicz,2024-07-03 11:52:45
27,Belle,Meader,2023-08-01 11:32:38
28,Cynthea,Mizzen,2024-02-22 13:27:23
29,Rosella,Harcus,2023-09-07 10:12:35
30,Ximenes,Wynrahame,2024-02-08 09:57:34
31,Ase,Battrum,2024-06-17 17:45:14
32,Thorstein,Kezourec,2024-03-23 18:53:52
33,Patrizia,Legister,2023-10-30 01:36:50
34,Anjela,Georger,2023-10-18 05:20:56
35,Alfred,Fadian,2024-04-01 05:11:55
36,Catriona,Pfertner,2024-02-28 17:48:38
37,Cathie,Burkitt,2024-07-17 19:00:29
38,Dody,Wakeham,2024-06-02 18:23:52
39,Lyndsie,Murrow,2024-07-20 11:49:59
40,Malvina,Knapp,2024-01-18 14:03:35
41,Valentijn,Krelle,2023-11-17 20:33:35
42,Myrle,Trassler,2023-10-06 05:20:41
43,Ellsworth,Mayes,2024-04-10 15:11:02
44,Rebeka,Lemerle,2024-05-09 11:49:59
45,Nance,Crosen,2023-11-10 17:35:15
46,Ana,Halfhead,2024-07-12 03:35:14
47,Dorita,Justis,2024-03-19 12:00:59
48,Giustina,Werlock,2023-08-04 07:37:56
49,Allister,Butchard,2024-05-21 04:43:15
50,Pierre,Kerin,2024-02-13 05:03:34
51,Silvanus,Curryer,2023-10-06 05:03:44
52,Gwendolin,Pearle,2024-06-25 07:32:58
53,Aguistin,Mavin,2023-10-17 00:56:01
54,Natty,Westoff,2024-05-21 07:05:46
55,Pascal,Rawstorne,2024-03-20 09:21:05
56,Chad,Dockray,2024-05-30 04:13:59
57,Madelena,Pasby,2023-08-17 17:23:01
58,Frankie,Larham,2023-10-17 14:39:07
59,Garreth,St. Aubyn,2024-03-13 10:06:16
60,Jenifer,Doble,2023-09-08 14:06:24
61,Caroline,Docharty,2023-11-16 05:03:48
62,Allys,Clayal,2024-07-26 14:19:55
63,Fitzgerald,Mitcham,2024-02-12 20:55:42
64,Giffie,Colaco,2024-05-02 11:52:34
65,Dannye,Trengrove,2024-03-21 23:30:56
66,Julius,Biever,2024-07-04 04:14:01
67,Forster,Garrison,2023-12-22 22:01:45
68,Sheridan,Flott,2024-04-04 22:04:40
69,Immanuel,Sybbe,2024-04-14 09:08:35
70,Derward,Thorogood,2024-05-07 18:06:40
71,Jocelyn,Titterell,2023-09-22 09:52:26
72,Valdemar,Lempke,2024-06-07 13:23:14
73,Gaspar,Geffe,2024-02-22 23:50:51
74,Lory,Vyvyan,2024-06-27 10:10:28
75,Nicky,Carslake,2024-07-31 18:29:32
76,Merridie,Gillebride,2024-03-24 05:26:34
77,Carina,Cuffe,2023-08-05 23:39:15
78,Marjory,Sillis,2023-12-30 01:50:16
79,Deloria,Boyce,2023-10-15 02:11:13
80,Edlin,Koppe,2023-08-25 22:00:42
81,Allianora,Matthew,2024-07-06 13:33:39
82,Allianora,Orgel,2024-02-08 05:39:21
83,Neala,Ropert,2023-12-26 06:05:29
84,Steffie,Ruthven,2023-09-19 10:12:05
85,Jeni,Tedder,2024-02-21 01:24:59
86,Casi,Halbard,2023-10-23 19:15:15
87,Mallissa,Muston,2024-04-25 11:18:52
88,Rozelle,Burbridge,2024-06-07 03:14:51
89,Myrvyn,Spini,2024-01-04 00:42:49
90,Ceil,Kepp,2024-03-23 01:36:24
91,Merwyn,Matussov,2024-07-08 09:00:06
92,Lorrie,Southcombe,2024-04-27 23:36:36
93,Jarrad,Stelfox,2024-07-23 04:43:46
94,Andria,Deal,2024-01-08 00:52:44
95,Eunice,Nuttey,2024-06-18 07:23:01
96,Charmian,Antonietti,2023-09-25 00:42:21
97,Maria,Heinemann,2023-08-30 21:06:37
98,Mellie,Tofful,2023-08-20 19:05:17
99,Davita,Ransome,2023-09-06 18:14:42
100,Teodoor,Eagell,2024-03-20 17:48:26
101,Allistir,Lahrs,2024-01-19 20:51:50
102,Aharon,Doogood,2023-08-17 10:36:35
103,Jessika,Fallon,2023-09-05 19:42:22
104,Benjie,Sturdgess,2023-11-14 00:59:11
105,Nikki,Musicka,2023-10-02 17:12:41
106,Belicia,Ricci,2023-10-08 14:12:23
107,Jereme,Jordan,2024-04-01 20:37:46
108,Shoshanna,Stoneley,2024-06-21 21:41:34
109,Dee,Deroche,2023-12-21 21:12:15
110,Ronda,Wiggans,2024-01-27 14:07:47
111,Jason,Godmer,2023-12-30 06:23:56
112,Alisander,Emlyn,2024-02-15 02:25:19
113,Ilsa,Butcher,2023-12-14 07:32:13
114,Tucky,Oloman,2024-02-09 15:39:19
115,Virginie,Pegram,2023-12-05 19:03:26
116,Tamqrah,Starr,2024-02-23 10:41:00
117,Alonzo,Gainsburgh,2023-11-04 16:44:35
118,Aida,Maffei,2024-05-31 17:23:31
119,Lewes,Paulet,2023-11-22 06:11:13
120,Gertrude,Crufts,2024-04-04 20:52:20
121,Salvidor,Robrose,2023-08-20 01:03:59
122,Leonard,Martinot,2023-12-18 00:51:58
123,Grady,Soldner,2023-11-21 06:02:09
124,Kyla,Gaudin,2023-12-04 04:58:48
125,Regan,Daniau,2024-06-11 20:30:57
126,Rollin,Safhill,2023-10-28 22:55:56
127,Caron,Strowther,2024-04-03 23:57:56
128,Dav,Sharvell,2023-09-06 09:52:07
129,Horatio,Chatelain,2024-03-29 06:28:46
130,Kelly,Eckersley,2024-01-04 14:57:47
131,Ritchie,Reimers,2024-07-01 21:09:29
132,Isadore,Muddimer,2024-06-19 10:49:25
133,Kristofor,Fawltey,2024-05-05 05:21:00
134,Gal,Fawdery,2023-09-05 00:20:52
135,Mandie,Coite,2023-11-10 04:43:19
136,Damien,Wroe,2024-05-11 04:30:58
137,Stephannie,Staterfield,2023-11-10 01:10:58
138,Clemmy,Hargraves,2023-11-17 10:45:49
139,Anatol,Barendtsen,2023-12-16 09:19:35
140,Koren,Reddyhoff,2024-04-26 09:29:46
141,Adelbert,Izacenko,2023-11-07 02:37:51
142,Tomkin,Haggus,2024-01-08 17:17:45
143,Bailey,Canada,2023-09-17 05:49:56
144,Reynard,Watchorn,2024-06-07 12:41:15
145,Hurley,Burtonwood,2024-04-30 17:14:10
146,Hansiain,Tytler,2023-09-24 16:00:59
147,Lyndel,Francescozzi,2024-01-02 20:25:23
148,Don,Grima,2024-06-13 11:52:03
149,Anetta,Tebbutt,2024-04-10 03:34:19
150,Marina,Creak,2023-08-29 15:42:02
151,Delphinia,Kerwin,2023-11-05 02:29:28
152,Dee dee,Chaperlin,2023-11-01 20:10:57
153,Maighdiln,Gaynsford,2024-01-12 05:17:21
154,Channa,des Remedios,2024-03-24 18:51:36
155,Misha,Facher,2023-11-03 06:16:01
156,Josselyn,Jaycock,2023-09-07 06:23:10
157,Westbrooke,Lamartine,2023-08-04 14:15:48
158,Russell,Demetr,2024-06-02 08:46:12
159,Flynn,Massard,2024-03-23 21:02:06
160,Reinwald,Ruslen,2024-03-25 13:00:36
161,Marjory,Gooderridge,2024-06-24 14:11:17
162,Ryon,Eglington,2024-01-04 12:55:53
163,Marcellina,Spencers,2024-05-08 03:32:32
164,Lawrence,McKinley,2024-01-25 12:15:56
165,Nikos,Gresly,2023-10-18 18:53:38
166,Emili,Lude,2024-05-10 14:07:17
167,Sonni,Lamplough,2023-08-20 15:53:58
168,Vivianna,Gray,2024-06-19 01:45:30
169,Casey,Ortet,2024-07-22 09:03:11
170,Kendra,Beauly,2023-09-16 07:38:16
171,Westbrook,Huntriss,2023-11-06 21:16:33
172,Griswold,Edney,2024-05-04 21:21:35
173,Ric,Curnnok,2024-05-02 02:37:53
174,Tanney,Shore,2024-02-20 15:43:25
175,Hallie,Gosnall,2023-08-11 13:24:19
176,Ulrikaumeko,Pavlata,2023-08-23 07:11:11
177,Benedick,Rijkeseis,2023-09-13 17:19:32
178,Wilburt,Mee,2024-01-22 22:21:26
179,Bay,Idill,2023-09-11 04:27:09
180,Eveleen,Messruther,2024-03-17 17:15:46
181,Dix,Dumbreck,2024-05-25 22:44:00
182,Nikolai,Cluley,2024-07-26 16:53:15
183,Nerita,Doggart,2024-07-27 14:30:00
184,Drucie,Stennard,2023-09-05 05:18:09
185,Tyler,Colman,2023-12-08 14:56:02
186,Tana,Gayton,2024-02-24 18:03:00
187,Kristan,Francescone,2024-04-28 03:58:38
188,Claudius,Tregien,2024-07-06 13:04:44
189,Lemmie,Zarb,2024-04-12 01:36:07
190,Frederigo,Shellcross,2023-11-27 04:04:59
191,Eugene,Lowry,2023-11-29 01:47:36
192,Valaree,Adrain,2023-11-26 04:18:47
193,Francis,Drejer,2024-05-10 14:40:18
194,Eldridge,Watmore,2024-01-17 07:16:09
195,Abbi,Gareisr,2024-03-18 14:39:53
196,Wilfred,Geekie,2023-08-01 18:56:44
197,Deonne,Gewer,2024-07-11 06:12:25
198,Rolando,Quincey,2024-06-04 19:12:55
199,Flin,Bransden,2023-10-08 17:23:17
200,Thurstan,Loughton,2024-01-03 15:33:18
201,Barb,Hinksen,2024-04-03 00:49:44
202,Wendie,McFie,2023-10-11 20:05:35
203,Cthrine,Brimicombe,2024-02-16 00:24:07
204,Shawn,Wrangle,2023-09-19 19:18:33
205,Rebekkah,Sieve,2024-03-03 00:44:48
206,Josee,Grono,2023-09-18 23:44:42
207,Tiphanie,Feasley,2024-01-01 17:58:02
208,Fanya,Molder,2024-07-11 07:23:49
209,Trefor,Barabisch,2023-10-18 16:25:03
210,Willie,Eleshenar,2023-10-07 11:51:32
211,Matilde,Memmory,2023-09-11 23:16:56
212,Mace,Gyves,2023-08-16 20:55:20
213,Barth,Jerwood,2023-11-09 11:15:55
214,Else,Pitkeathley,2024-02-19 16:35:26
215,Kurtis,Sawyers,2023-10-01 23:04:45
216,Patric,Durtnell,2023-11-05 07:59:20
217,Stephannie,Pren,2024-07-21 23:48:23
218,Corrinne,MacNalley,2024-06-30 18:34:06
219,Anastasie,Paute,2024-01-04 08:46:35
220,Dannye,Whatson,2024-05-19 20:07:48
221,Cobbie,Luckett,2024-01-06 10:15:44
222,Stillmann,Cuningham,2023-08-14 14:03:29
223,Karlan,Northrop,2023-09-02 05:03:08
224,Barry,Radbourne,2024-07-28 05:46:25
225,Kinnie,Le Floch,2024-04-28 14:01:01
226,Orville,Crosfield,2024-02-21 01:26:10
227,Phelia,Spalding,2024-02-27 05:04:00
228,Taffy,Daniello,2024-04-02 19:39:30
229,Wileen,Sutton,2024-01-25 16:50:20
230,Reeta,Western,2024-04-10 12:02:50
231,Lowell,Yurmanovev,2024-06-09 02:26:35
232,Augusta,Christer,2023-10-16 17:20:48
233,Evelyn,Wickerson,2023-08-17 15:23:51
234,Leif,Tease,2024-02-01 08:12:39
235,Gusta,Grishaev,2024-01-19 04:38:28
236,Frank,Adrienne,2023-08-16 14:17:28
237,Ferd,Trembley,2023-11-16 05:43:48
238,Ashton,Stuer,2024-03-15 14:50:40
239,Smith,Keune,2024-07-14 12:24:05
240,Dulcinea,MacManus,2024-05-28 13:06:16
241,Austine,Tew,2024-01-04 16:14:39
242,Norton,Dempsey,2024-07-31 19:53:48
243,Caritta,Tamlett,2024-04-13 08:31:39
244,Madelaine,Lydster,2023-09-21 19:46:44
245,Merle,Kike,2024-04-14 00:33:21
246,Cathrine,Zanazzi,2023-08-15 22:12:59
247,Mohandis,Brunon,2023-10-19 18:19:54
248,Hardy,Beesley,2024-01-24 17:46:10
249,Merrile,Pollastrino,2023-08-04 08:20:00
250,Bernelle,McNeil,2023-08-20 07:00:51
251,Shirlene,Rainer,2023-09-09 08:14:59
252,Raychel,Maudsley,2024-06-25 02:18:30
253,Shirl,Monard,2023-09-20 08:05:00
254,Cullan,Maps,2023-10-05 02:41:03
255,Gasparo,Dingwall,2023-10-30 12:45:55
256,Lee,McCreagh,2024-04-17 15:57:10
257,Renaud,Woodes,2023-11-23 06:47:32
258,Valida,Creyke,2023-11-02 01:23:07
259,Shanon,Fenech,2024-04-10 00:03:15
260,Griffin,Edgell,2023-09-22 17:50:01
261,Nickie,Coleman,2024-07-04 05:50:56
262,Bear,Gabey,2024-05-30 09:52:12
263,Luis,Russam,2023-11-20 00:44:54
264,Clotilda,Laister,2024-04-28 00:12:44
265,Patrick,Elloy,2023-12-23 05:49:37
266,Jerrie,Grevile,2024-07-18 11:47:24
267,Demott,Copcote,2024-04-14 05:57:13
268,Billie,Horsfield,2023-11-24 22:59:20
269,Margalit,Kernar,2024-06-05 09:50:52
270,Kellby,Sives,2023-12-15 14:59:21
271,Kaia,Blackleech,2023-10-10 15:25:55
272,Bartlett,Plumer,2024-07-06 21:50:37
273,Jordana,Flohard,2023-11-09 13:54:26
274,Kele,Seabon,2023-09-16 20:56:51
275,Ernestine,Quayle,2024-06-30 21:21:20
276,Wait,Dollar,2023-10-22 20:29:23
277,Dorothy,Mannion,2024-04-16 00:35:13
278,Juliana,Agerskow,2024-07-19 04:11:06
279,Tamara,Hallum,2023-10-01 11:45:29
280,Gibbie,Schurcke,2024-03-13 21:48:24
281,Martie,Bellson,2024-03-09 10:07:15
282,Constantine,Stallen,2023-10-17 13:34:52
283,Stormie,Larway,2023-11-19 17:25:38
284,Clea,Noseworthy,2024-07-30 16:18:53
285,Ronny,Paddie,2024-04-09 23:08:59
286,Robbert,Leyshon,2023-12-28 21:58:45
287,Alica,Gilardoni,2024-06-12 12:34:33
288,Grantham,Dilnot,2024-06-02 16:57:55
289,Chickie,Fyers,2024-07-10 09:31:19
290,Kalle,Tommis,2023-12-17 02:23:17
291,Selena,Fricke,2023-11-10 05:45:08
292,Erich,Arnecke,2024-03-23 01:00:48
293,Berty,Ranshaw,2024-01-05 02:45:26
294,Ollie,Haslewood,2023-11-07 11:54:24
295,Olivier,Sissens,2023-08-23 04:02:13
296,Camey,Delacote,2023-10-30 10:16:37
297,Eugenio,Rizzillo,2024-04-07 02:18:43
298,Fidole,Vallender,2024-01-06 11:47:52
299,Kerby,Birchett,2024-03-01 13:24:19
300,Marybelle,Sallenger,2023-11-20 21:32:14
301,Braden,O'Farrell,2023-10-13 12:41:52
302,Dalton,Cluff,2024-02-20 17:50:01
303,Zora,Rantoull,2024-03-27 19:03:23
304,Georgianne,Jenoure,2023-12-26 06:30:24
305,Dennie,Peplay,2024-05-09 07:22:33
306,Irv,Bowcher,2024-04-01 14:41:59
307,Darn,Stiles,2024-05-14 14:26:51
308,Maddy,O'Glassane,2024-06-03 22:59:11
309,Horatia,Nerne,2023-09-22 16:01:33
310,Elli,Halm,2024-06-30 03:08:30
311,Bernelle,Sponer,2024-02-27 23:03:22
312,Rayner,Paulot,2024-02-14 16:33:13
313,Ker,Castille,2024-02-01 17:40:02
314,Zeb,Hearon,2024-04-29 12:36:46
315,Massimo,MacFadden,2023-09-10 17:09:55
316,Cherilyn,Ducker,2024-01-21 07:54:27
317,Clemente,Rubenov,2024-03-18 20:27:55
318,Jude,Scambler,2024-01-16 00:04:00
319,Zara,Addey,2024-02-23 16:56:14
320,Vivian,Jeannel,2024-05-11 06:36:33
321,Domingo,Gores,2024-06-11 05:15:05
322,Nicole,Hindenburg,2023-09-21 09:09:38
323,Pru,Boeck,2024-04-16 02:55:44
324,Gillan,Nel,2024-06-13 17:32:32
325,Aggie,Dyton,2024-03-08 12:28:15
326,Kacey,Burland,2023-08-21 22:13:23
327,Waylon,Slark,2023-08-12 15:05:54
328,Tymon,Easdon,2024-04-30 05:30:48
329,Sumner,Picford,2024-03-15 20:29:21
330,Rad,Hubback,2023-10-29 22:31:06
331,Cariotta,Redrup,2024-05-01 21:48:41
332,Antonie,Piper,2024-07-16 09:42:42
333,Caitlin,Hanaby,2024-02-10 03:53:50
334,Fiona,Eakeley,2023-10-11 15:04:34
335,Matti,Farrance,2024-05-25 06:36:28
336,Jdavie,Cranton,2024-01-22 12:26:53
337,Audrey,Caren,2024-06-28 11:44:04
338,Eustace,Coare,2024-05-06 04:55:58
339,Marve,Hansman,2024-05-04 05:08:44
340,Allina,Bull,2023-11-29 21:57:45
341,Carie,Pallaske,2024-07-21 11:24:10
342,Chalmers,Hardy-Piggin,2024-07-24 07:07:50
343,Vonni,Creswell,2024-02-24 13:19:55
344,Gladys,Eustes,2024-01-22 04:05:01
345,Maddie,Teare,2023-09-07 01:00:56
346,Joshuah,Townrow,2023-08-05 23:32:08
347,Mil,Argyle,2024-04-19 18:18:49
348,Eugenio,Lindfors,2024-05-15 11:30:35
349,Boyd,Moggach,2023-08-25 11:02:41
350,Shellysheldon,Bakhrushkin,2023-12-11 05:42:06
351,Merry,Chatt,2023-10-23 14:34:37
352,Isacco,Beggini,2024-01-31 01:49:50
353,Marvin,Matysiak,2024-03-21 04:38:48
354,Jaimie,Lavers,2023-12-01 18:04:50
355,Benedick,Jzhakov,2024-01-30 12:16:32
356,Timmy,Mair,2024-03-29 06:13:42
357,Wright,Delacour,2023-08-14 20:41:12
358,Rebe,Cherrington,2024-04-01 17:36:36
359,Patty,Whytock,2024-03-10 02:17:23
360,Richy,Chaplin,2024-03-23 09:04:58
361,Sallie,Cullotey,2023-11-15 23:18:03
362,Raff,Pougher,2023-10-25 18:24:11
363,Fara,Bootes,2024-01-23 22:27:20
364,Marcello,Fittis,2023-12-01 10:36:57
365,Mavra,Boulstridge,2024-05-18 09:28:07
366,Rancell,Ison,2023-09-16 13:32:23
367,Erhard,Jorcke,2023-11-19 23:57:42
368,Tomi,Merida,2023-10-07 15:52:30
369,Geordie,Thaller,2024-04-21 18:38:41
370,Didi,Minelli,2024-04-09 02:39:28
371,Erroll,Scholtz,2024-01-15 06:34:49
372,Magdalene,Dosedale,2024-06-11 18:59:17
373,Barrie,Averall,2023-08-16 09:47:54
374,Hamlen,Shickle,2023-11-12 13:53:37
375,Marabel,Henworth,2023-08-08 23:23:15
376,Bryan,Gritskov,2024-05-22 00:10:03
377,Shanie,Colaton,2023-08-27 12:39:51
378,Edlin,Swancock,2024-05-22 09:31:54
379,Gaby,McNab,2024-05-20 01:58:20
380,Ricki,Stoodale,2024-04-24 09:35:12
381,Andria,Ciani,2024-01-09 09:12:14
382,Mikael,Purkins,2023-09-25 19:18:15
383,Neysa,Millership,2023-09-07 19:35:44
384,Inga,Rapa,2024-04-16 13:04:55
385,Caressa,Conybear,2023-11-23 13:52:33
386,Consuela,Viner,2023-11-28 22:20:09
387,Sissy,Wrate,2023-08-05 04:12:53
388,Neddie,Lincke,2024-01-12 18:51:31
389,Fernando,Knevit,2024-07-29 17:40:31
390,Hestia,Demange,2024-05-29 22:44:56
391,Gnni,Feeney,2024-05-20 04:32:37
392,Ivy,Rusted,2023-12-07 15:11:06
393,Nicholle,Broune,2023-08-03 01:22:33
394,Laurence,Godart,2024-03-31 09:55:32
395,Felicia,Muffett,2024-03-03 08:30:25
396,Caddric,Hannigane,2023-11-16 23:23:27
397,Maria,Tingcomb,2024-07-31 23:23:59
398,Florie,Stobbes,2024-05-04 19:30:02
399,Lewes,Tombs,2024-02-14 21:22:06
400,Paton,Labden,2024-03-13 01:23:36
401,Emmie,Rockwill,2024-02-05 15:30:13
402,Claudio,Blest,2023-08-25 20:15:35
403,See,Hardiker,2023-12-15 15:25:48
404,Chere,Chestle,2024-07-14 09:55:13
405,Colette,Reeman,2024-01-11 20:28:43
406,Nev,Bolstridge,2024-07-24 05:59:47
407,Aretha,Morfield,2023-12-02 06:49:25
408,Chev,Duddridge,2024-07-09 09:41:26
409,Stormi,Sture,2023-09-06 01:58:17
410,Joe,Boldison,2024-04-04 10:28:57
411,Petra,Corhard,2023-12-11 01:04:18
412,Laurent,Petters,2024-05-03 08:32:25
413,Mylo,Jarrette,2024-03-18 02:48:49
414,Tess,Boon,2023-10-29 21:24:41
415,Mason,Arnfield,2024-03-02 16:13:29
416,Rubetta,Rashleigh,2023-08-29 01:48:16
417,Burnard,Ashlee,2024-06-09 23:03:59
418,Rebecka,Jamot,2024-03-01 22:08:58
419,Ulises,Wattingham,2023-11-20 13:45:46
420,Gilda,Hannigane,2024-03-14 23:46:46
421,Sheryl,Tamlett,2023-08-18 12:52:21
422,Deloria,Grishunin,2024-07-22 17:14:37
423,Colan,Ville,2024-06-26 22:32:00
424,Albrecht,Bruty,2024-04-22 09:39:06
425,Ruthie,Westnage,2023-08-08 21:26:44
426,Ody,Morhall,2024-03-16 21:05:12
427,Andrus,Monument,2024-07-10 18:29:22
428,Olav,Christophle,2023-10-07 15:38:00
429,Brittni,Oxbrow,2023-10-28 00:18:51
430,Shaylah,Lendon,2023-08-15 09:26:31
431,Rollo,Hierro,2023-08-06 09:03:05
432,Jillene,Chaunce,2024-05-22 22:29:49
433,Sherline,Ordemann,2023-09-01 22:45:42
434,Pennie,Phare,2023-10-22 06:57:51
435,Ginny,Scotcher,2023-08-01 13:37:13
436,Glenden,Cabane,2024-02-10 13:01:26
437,Gizela,Smitherman,2024-05-07 15:48:16
438,Brannon,Okell,2024-03-21 04:48:11
439,Loren,Stocky,2023-12-07 04:32:15
440,Imogene,Attle,2023-12-08 08:31:43
441,Lena,Crock,2024-02-12 20:26:11
442,Sargent,Chippin,2024-02-27 14:33:28
443,Valli,Plunket,2024-03-09 01:25:54
444,Elwood,Grimble,2024-06-05 10:41:47
445,Justinian,Hubbock,2023-12-09 07:29:55
446,Chrysa,Musprat,2023-09-03 07:21:34
447,Inge,Lobbe,2023-11-28 23:02:37
448,Lian,Eighteen,2024-05-08 09:06:58
449,Roldan,Rainer,2023-11-19 14:55:50
450,Augusta,Lukovic,2024-04-27 07:04:37
451,Keeley,Nunnerley,2023-08-23 02:52:03
452,Arlee,Bamlett,2024-04-11 11:20:59
453,Hanson,Diggle,2023-11-29 15:45:14
454,Michell,Plank,2023-08-10 18:40:33
455,Natalie,Jugging,2023-10-24 16:16:57
456,Lynn,Duckitt,2023-11-19 05:46:53
457,Pris,McInnery,2023-09-05 09:16:21
458,Bernetta,McGauhy,2024-04-15 18:43:50
459,Jacob,Seeman,2023-11-19 16:59:41
460,Herta,Fynan,2024-01-03 02:38:35
461,Alasteir,Snowball,2023-09-25 14:19:50
462,Pavla,Dandy,2024-05-24 07:34:06
463,Charmine,Raymont,2023-10-01 11:04:46
464,Donna,Runsey,2023-11-21 05:02:50
465,Joey,Portinari,2024-07-12 22:40:36
466,Kata,Gomez,2024-05-08 01:55:06
467,Haywood,Symson,2024-04-16 12:40:33
468,Nicoli,Nore,2023-08-13 12:28:42
469,Dotti,Ferrierio,2023-08-31 10:56:38
470,Beatrice,Tinklin,2023-11-16 04:27:18
471,Chrotoem,Haye,2023-10-24 21:27:31
472,Kitti,Aistrop,2024-01-15 10:12:51
473,Kincaid,Pepperill,2024-04-18 11:44:31
474,Archibold,Mansell,2024-06-03 06:16:27
475,Fred,Skein,2024-02-07 03:22:37
476,Tatiana,Esselin,2024-06-17 10:30:55
477,Luca,Knipe,2024-02-13 04:01:46
478,Tamas,Treasure,2023-08-29 08:36:01
479,Javier,Neem,2023-09-26 19:50:41
480,Smith,Stickels,2024-01-07 20:20:50
481,Dayna,Cassley,2024-06-24 03:59:55
482,Aluin,Fullbrook,2023-09-29 02:20:38
483,Lotte,McKnish,2024-04-05 23:46:40
484,Lorena,Brosius,2024-05-11 05:10:14
485,Gamaliel,Riccelli,2023-09-13 00:48:30
486,Aileen,Faas,2024-05-18 14:12:01
487,Leyla,Chubb,2024-07-29 19:33:42
488,Lotta,Steels,2024-07-25 03:09:26
489,Hanny,Kinder,2024-03-28 08:03:59
490,Clywd,O'Dooghaine,2024-04-01 15:45:49
491,Kahlil,Edeson,2024-05-08 22:27:28
492,Michaelina,Ogelbe,2024-04-01 09:24:38
493,Garrick,Patry,2023-12-04 05:25:55
494,Deloris,Shulver,2024-05-23 03:13:35
495,Dev,Jardein,2023-12-21 04:39:26
496,Allard,Scardifield,2024-06-30 01:53:56
497,Gail,McTerlagh,2023-10-12 05:52:24
498,Trace,Bodman,2024-07-21 23:50:46
499,Ritchie,Goldthorpe,2023-12-22 16:32:13
500,Leonhard,Eberst,2024-03-12 20:40:08
501,Ivonne,Ferron,2024-04-15 23:53:19
502,Dore,Hardaker,2023-08-18 06:05:31
503,Mace,Anniwell,2023-08-07 03:29:47
504,Millard,Sallter,2024-01-16 01:40:28
505,Aldus,Alkin,2023-09-07 13:25:09
506,Hyacinthie,Gosnoll,2024-03-18 15:22:00
507,Alain,Dutch,2023-12-02 14:14:25
508,Arnold,Spradbrow,2023-09-04 17:04:01
509,Ellen,Colum,2024-02-05 01:15:38
510,Jorgan,Glitherow,2024-06-26 16:38:51
511,Junia,Renzo,2024-02-12 08:45:45
512,Mitzi,Klimuk,2023-10-12 01:16:02
513,Crosby,Fallen,2024-06-08 20:49:36
514,Zonda,Friatt,2024-04-18 12:25:06
515,Ninetta,Swadlinge,2023-09-20 15:24:13
516,Gretel,Raggitt,2024-03-13 14:49:39
517,Vera,Trowill,2023-09-19 08:26:10
518,Elladine,Kellington,2024-06-11 13:40:49
519,Tamiko,Bezzant,2024-01-19 07:47:52
520,Barry,Toulmin,2024-04-27 14:07:35
521,Rozalin,Duplan,2023-11-09 01:58:59
522,Parker,Keigher,2024-04-16 05:33:05
523,Gibby,Shorthouse,2024-02-19 06:22:35
524,Moises,Standen,2024-07-25 22:43:53
525,Hertha,Gollard,2023-12-22 02:49:43
526,Blayne,Antonognoli,2024-01-01 11:18:24
527,Sarita,Pina,2024-07-19 02:00:58
528,Nataline,Cardozo,2023-12-23 17:49:57
529,Bern,Berre,2024-02-02 12:27:13
530,Candy,Guiso,2023-11-02 22:10:01
531,Westbrooke,Gooday,2024-04-18 03:57:48
532,Cooper,Sarll,2023-08-10 07:02:22
533,Darbie,Georgeon,2023-08-13 11:19:24
534,Everard,Calender,2024-04-15 04:24:48
535,Cordula,Grimble,2024-07-26 12:51:14
536,Briny,Bottinelli,2023-10-05 22:01:34
537,Cly,Connick,2024-06-13 16:31:12
538,Terencio,Corain,2023-08-06 09:13:29
539,Elvina,Pitceathly,2024-05-11 11:42:04
540,Corene,Aronowitz,2023-09-09 19:58:03
541,Jude,Corragan,2024-07-21 04:30:25
542,Finlay,Cardew,2023-09-24 18:01:48
543,Herrick,Phython,2024-06-14 21:51:31
544,Inness,Duckett,2023-11-25 14:06:52
545,Valry,Hyndley,2023-09-10 10:40:06
546,Libby,Olerenshaw,2024-02-08 11:07:42
547,Josey,Maddison,2023-12-11 14:35:27
548,Cody,Carse,2024-03-22 10:44:39
549,Maddie,Guntrip,2024-02-18 23:04:59
550,Datha,McTague,2024-06-10 13:31:16
551,Barnebas,Eccleston,2024-02-06 04:16:42
552,Wilbert,Croughan,2023-11-21 22:18:54
553,Minda,Starbuck,2023-11-15 00:46:09
554,Carole,Overstone,2024-06-27 13:10:15
555,Rora,Welchman,2024-01-12 02:40:58
556,Misti,Nock,2023-12-14 21:39:17
557,Sid,Bollin,2023-12-05 04:02:38
558,Carlita,Fried,2023-09-24 02:38:01
559,Rebecka,Tavinor,2024-01-12 07:11:06
560,Mariquilla,Player,2023-12-30 17:35:38
561,Clemmy,Dochon,2023-10-10 13:42:58
562,Camella,Hardstaff,2023-10-25 03:55:53
563,Minnie,Andreix,2023-09-12 03:09:30
564,Claudine,Strathe,2023-10-04 06:06:16
565,Nora,Barthot,2024-04-05 19:09:36
566,Cyndie,Odby,2023-09-05 17:19:58
567,Dwayne,Fleury,2023-12-08 10:26:54
568,Wernher,Costelloe,2023-08-10 12:12:56
569,Francesca,Chipperfield,2024-06-22 07:24:24
570,Rivalee,Durante,2024-02-15 09:31:53
571,Bent,Hugin,2024-01-09 19:56:52
572,Nerty,Fison,2023-09-13 14:01:17
573,Koren,Cote,2023-09-20 15:59:22
574,Sarine,Pomphrey,2024-02-14 22:45:41
575,Brandi,Ramiro,2024-06-08 11:09:33
576,Yoshiko,Tongs,2023-11-14 03:10:20
577,Gasper,Giggs,2024-05-29 13:51:48
578,Edin,Lawlan,2023-08-29 20:03:00
579,Vance,Ottawell,2024-01-14 20:40:36
580,Mellie,Scatcher,2024-04-07 23:37:53
581,Zena,Laurenceau,2024-07-26 15:38:36
582,Pancho,Benn,2024-04-03 16:43:06
583,Ralph,Dhillon,2024-02-25 11:18:51
584,Welby,Hiorn,2023-11-09 10:39:50
585,Brandais,Paszak,2024-07-22 16:20:13
586,Bari,Spellissy,2023-11-20 23:08:34
587,Joel,Borzone,2024-01-19 10:38:02
588,Tamiko,Surr,2024-02-03 21:47:30
589,Adelle,Emons,2024-06-05 19:11:08
590,Gale,Grimsey,2023-08-29 12:15:11
591,Bar,Gabrieli,2024-02-13 22:21:48
592,Kelly,Rudolf,2024-07-28 07:26:06
593,Prue,Syde,2023-12-13 02:04:07
594,Ewell,Bohey,2024-06-19 01:46:37
595,Giff,Bowskill,2024-05-02 20:15:19
596,Estelle,Lewsley,2023-10-23 20:01:14
597,Marve,Urlich,2024-01-20 16:48:39
598,Kev,Bessant,2024-02-18 00:58:07
599,Sandi,Izchaki,2024-01-31 01:11:21
600,Bogart,Toffano,2024-04-26 00:43:17
601,Lillis,Glanville,2024-04-02 17:37:41
602,Ambur,McGilvray,2024-04-30 01:33:12
603,Leta,Cutbirth,2023-12-13 03:59:02
604,Rhys,Breeder,2024-01-21 03:34:27
605,Lorna,Carr,2024-03-07 05:20:29
606,Melicent,Hazle,2023-11-16 09:08:15
607,Lainey,Moy,2024-02-03 04:42:04
608,Laverna,Simpson,2024-07-14 12:29:04
609,Worth,Buesnel,2024-01-21 17:35:18
610,Brocky,Biddles,2024-01-27 02:17:48
611,Hendrik,Haldene,2024-05-05 21:45:57
612,Earl,Blannin,2024-02-20 15:12:51
613,Langston,Enrrico,2024-05-10 04:40:32
614,Ado,Chippin,2024-02-25 13:21:47
615,Celesta,Leonard,2024-07-22 10:22:49
616,Cherice,Drohun,2023-11-05 01:02:12
617,Lenka,Bagster,2024-04-08 11:15:56
618,Marven,Calderon,2024-05-19 10:33:27
619,Stearn,Avo,2023-11-18 21:59:03
620,Reed,Leachman,2024-04-27 19:15:56
621,Evita,Mottershead,2024-04-26 12:52:42
622,Ester,O'Beirne,2024-01-17 08:30:59
623,Curtis,Keaysell,2024-07-24 22:10:06
624,Annie,Mennear,2023-10-09 06:57:46
625,Kienan,Plumstead,2024-04-21 01:29:41
626,Flory,Dreossi,2023-08-06 16:29:49
627,Konstanze,Baggot,2023-12-13 04:05:09
628,Rodina,Shilladay,2024-03-18 12:36:23
629,Marcel,Blackler,2024-02-13 21:14:42
630,Andrea,Brimmicombe,2023-12-11 00:31:56
631,Brunhilde,Raftery,2024-04-22 13:06:32
632,Audrey,Gemelli,2024-06-03 19:15:58
633,Mame,Ludvigsen,2023-10-28 21:58:02
634,Hube,Llewhellin,2024-01-25 11:00:07
635,Royall,Arnolds,2024-03-19 14:22:52
636,El,Axby,2023-08-22 10:19:21
637,Trixi,Bennion,2024-05-31 22:18:46
638,Dayna,Corke,2024-05-29 15:00:26
639,Brandais,Geistbeck,2024-01-02 09:21:38
640,Mort,Cornwell,2023-12-05 10:21:44
641,Helena,Marran,2023-08-25 17:52:13
642,Charles,Menichelli,2024-01-19 06:42:20
643,Alvin,Feake,2024-05-09 02:37:37
644,Meredith,Rye,2024-06-28 23:27:33
645,Teodora,Surmeyers,2023-11-23 22:14:53
646,Adrea,Mayhou,2024-01-24 18:08:19
647,Shay,Allcroft,2024-05-28 17:41:47
648,Ervin,Effemy,2024-01-06 07:50:40
649,Erinn,Izakov,2023-10-27 01:17:48
650,Ariella,Pankhurst.,2024-04-30 08:09:14
651,Leesa,Letty,2024-05-07 18:14:21
652,Jeana,Firby,2023-08-02 03:36:17
653,Brenna,Le Brom,2024-05-04 15:35:07
654,Meredeth,Burdon,2023-12-26 01:30:13
655,Todd,Atty,2023-08-12 01:08:25
656,Bondon,Shrigley,2023-09-21 05:47:26
657,Griselda,Grzelak,2024-02-11 12:11:01
658,Danna,Di Giorgio,2024-01-20 18:27:08
659,Munmro,Ellaman,2023-08-07 02:12:57
660,Lon,Pietesch,2024-04-04 18:51:34
661,Seka,Kubasiewicz,2023-11-04 11:03:50
662,Julie,Ghirigori,2024-03-13 00:27:25
663,Richard,Barrows,2024-02-06 06:22:03
664,Antoinette,Shambroke,2023-11-04 18:05:30
665,Carmen,MacIlwrick,2023-10-13 02:19:02
666,Craig,Haill,2024-01-18 17:56:37
667,Marge,Mattschas,2024-07-19 11:36:47
668,Brewster,Matteucci,2023-08-17 14:16:59
669,Colin,Leicester,2024-04-25 21:03:01
670,Nomi,Storrock,2024-06-27 19:00:07
671,Burt,Ridings,2023-12-27 08:15:19
672,Rand,Jerrim,2023-12-29 06:28:15
673,Esma,Morgan,2024-03-27 10:12:26
674,Livvie,Jerram,2024-07-10 05:54:54
675,Jase,D'Alessio,2023-08-20 06:33:23
676,Ingra,Vanderplas,2023-12-26 05:12:17
677,Carmelia,Hinstock,2024-06-21 15:13:05
678,Darcee,Laming,2024-01-30 13:59:11
679,Marysa,Scherme,2024-06-30 19:06:22
680,Davon,Llewhellin,2024-05-30 13:29:34
681,Julieta,Puden,2024-02-24 01:44:51
682,Bernice,Eouzan,2023-11-01 21:03:51
683,Feodora,Twidale,2024-07-10 04:02:34
684,Pasquale,Phythean,2023-09-14 21:04:28
685,Lazarus,L'argent,2024-06-11 07:14:36
686,Drona,Mcwhinnie,2024-01-17 11:22:07
687,Roxane,Skelly,2024-04-12 19:19:20
688,Lisa,Gingel,2023-12-07 20:03:18
689,Herbert,Dudley,2023-11-28 15:53:17
690,Hyacintha,Cuzen,2023-12-18 15:16:32
691,Emmanuel,Burfield,2024-07-03 18:37:34
692,Corrine,Ierland,2024-02-16 08:51:48
693,Sarina,Muldownie,2023-11-28 10:17:17
694,Lil,Basillon,2024-02-17 09:35:05
695,Benedict,Skamal,2023-10-03 23:14:56
696,Talia,Woolf,2023-12-26 12:53:05
697,Kareem,Immer,2023-08-04 03:10:54
698,Tabbie,Blue,2023-08-09 07:04:13
699,Gregoire,Dawnay,2024-01-26 01:18:58
700,Bjorn,Burnet,2024-07-04 09:17:41
701,Dinnie,Izkovicz,2024-04-27 21:13:32
702,Kelsey,Clowsley,2023-11-19 15:17:08
703,Darb,Hillhouse,2024-02-20 22:57:57
704,Allina,Emblen,2023-09-01 19:41:58
705,Carlin,Dillet,2024-04-15 19:28:41
706,Analise,Petican,2024-01-02 01:59:48
707,Michelina,Gallafant,2024-03-01 18:31:53
708,Carlin,Burril,2024-03-09 19:43:50
709,Floyd,Alejandre,2024-04-06 18:50:18
710,Cassey,Cotsford,2024-01-17 08:51:38
711,Lanette,Goodliff,2024-02-24 07:36:08
712,Ailey,Brady,2024-04-18 14:15:32
713,Leonhard,Romayn,2024-07-14 15:56:27
714,Luella,Berrygun,2023-10-08 21:44:47
715,Raynard,Crayton,2024-06-24 05:42:41
716,Merissa,Lyster,2024-05-13 08:49:04
717,Starlene,Jeaycock,2024-02-28 10:13:05
718,Sawyer,Sackey,2024-07-21 21:05:13
719,Shantee,Folomkin,2024-06-15 02:57:32
720,Nikolos,MacNeil,2024-04-11 23:17:29
721,Nap,Grantham,2024-02-03 21:00:39
722,Olive,Peoples,2024-07-04 17:13:24
723,Thedrick,Bossel,2023-10-05 10:35:14
724,Chelsie,Jeppensen,2023-09-14 10:40:58
725,Hymie,Arundel,2023-08-27 07:24:59
726,Remy,Hulk,2023-10-31 10:59:45
727,Shelley,Kroin,2023-10-22 03:08:57
728,Yuma,Rochester,2024-01-26 07:55:19
729,Lila,Vinall,2024-04-14 12:34:56
730,Frannie,Peiser,2023-08-11 12:09:03
731,Morrie,Beddow,2024-06-12 07:06:32
732,Darn,Northfield,2023-10-01 13:08:55
733,Leela,Lavigne,2023-11-02 09:54:09
734,Leighton,Harrhy,2023-08-09 15:49:17
735,Janeen,Lilie,2024-06-15 18:26:25
736,Sonnnie,Adrianello,2024-07-29 14:23:44
737,Marne,Cochern,2024-04-04 17:43:47
738,Anitra,Romera,2024-05-26 01:29:16
739,Nell,Wingrove,2024-04-14 21:49:48
740,Samara,Marcinkowski,2024-07-16 09:07:49
741,Dionne,Nicklen,2023-09-23 12:31:51
742,Alric,Kippie,2023-12-09 05:52:55
743,Wendie,Fahrenbach,2024-01-20 10:12:39
744,Paul,Bittlestone,2024-07-18 21:21:38
745,Mohandas,MacGille,2024-02-25 00:19:54
746,Mersey,Reckhouse,2024-04-09 20:05:40
747,Abey,Tofts,2024-03-14 02:26:06
748,Milt,Augustine,2024-02-22 10:20:50
749,Moe,Brooksby,2023-11-07 01:44:13
750,Jamie,Dinneges,2024-02-03 02:50:42
751,Christie,Minter,2024-04-08 14:04:33
752,Tressa,Cowdrey,2024-01-03 07:59:09
753,Calley,Ferrant,2024-06-06 22:49:00
754,Elena,Gilbank,2023-09-05 13:25:13
755,Onfre,Degan,2023-11-20 01:31:05
756,Ulrike,Edelston,2023-10-23 20:40:28
757,Shina,Goggey,2024-07-01 18:15:50
758,Karola,Dyerson,2023-11-09 22:46:43
759,Mirabella,Naisbit,2024-06-07 03:30:06
760,Cleopatra,McCullen,2023-12-19 01:57:37
761,Aaron,Treharne,2024-02-17 07:47:42
762,Marten,Jouannin,2024-05-23 00:10:55
763,Carroll,Luxon,2023-08-01 16:41:11
764,Marshal,O'Hagan,2024-03-24 01:55:28
765,Simmonds,Llywarch,2024-04-25 11:00:07
766,Loren,Dorgon,2024-04-08 03:30:47
767,Ambrose,Hatry,2023-08-29 07:33:40
768,Marla,Barlass,2024-02-05 05:10:08
769,Molly,Dutson,2024-02-07 18:58:26
770,Sinclair,Govier,2024-02-22 16:39:00
771,Pepillo,Le Grice,2024-06-08 09:46:10
772,Cam,Hillam,2023-09-04 03:53:37
773,Sacha,Stracey,2023-11-12 15:23:22
774,Olivier,Vise,2024-02-28 22:32:34
775,Damita,Cristofaro,2024-03-06 11:35:36
776,Curran,Passion,2023-09-21 04:23:41
777,Hi,Cabral,2023-11-06 15:53:11
778,Helaine,Reckus,2023-12-13 00:20:14
779,Kathryne,Twining,2024-04-11 17:53:54
780,Mella,Caustick,2024-06-11 22:19:32
781,Hoyt,Lifsey,2024-03-04 08:16:01
782,Gabriela,Benedito,2024-07-14 09:10:21
783,Lita,Veness,2024-07-06 22:22:30
784,Benedict,Reddecliffe,2023-12-18 06:48:49
785,Brittani,Heak,2023-09-14 09:15:19
786,Isabella,Cazereau,2024-01-29 01:56:47
787,Mabel,Jorissen,2024-04-10 21:26:34
788,Goober,Oakenford,2024-03-03 06:06:21
789,Flinn,Ducarne,2024-05-12 21:16:42
790,Daniele,Mandres,2023-11-24 20:34:05
791,Zena,Nickless,2023-11-04 00:15:36
792,Clarance,Rawle,2023-08-27 00:47:04
793,Ellette,Burney,2024-03-30 12:15:35
794,Natal,Studman,2023-10-22 19:02:45
795,Blayne,Tricker,2024-03-27 04:35:20
796,Charleen,Shackell,2023-12-13 09:58:52
797,Saw,Bernardy,2024-07-03 08:31:09
798,Harp,Shelford,2024-02-06 13:42:00
799,Lynne,Chatwood,2023-08-26 20:43:17
800,Nikolos,Cokayne,2024-05-10 13:34:44
801,Loni,Icom,2024-03-09 05:23:06
802,Lanita,Fancutt,2024-02-13 01:09:48
803,Hilarius,Pettendrich,2023-08-26 02:13:02
804,Lolly,Dener,2023-08-29 12:47:02
805,Lemuel,Morrall,2024-05-09 04:51:54
806,Homer,Castree,2023-11-25 16:03:46
807,Karry,Vere,2023-09-28 13:08:05
808,Gayle,Clews,2024-03-29 01:52:02
809,Thedric,Stolli,2024-02-19 10:17:35
810,Cathryn,Ellcome,2024-02-13 07:20:35
811,Tobye,Cawkwell,2024-03-13 02:16:23
812,Ceil,Upton,2024-02-24 12:58:41
813,Carolus,Jumel,2024-07-30 08:14:37
814,Egon,Dight,2024-03-27 06:11:36
815,Johnny,Sprigings,2024-07-10 02:07:43
816,Philippe,Sulter,2024-07-09 13:25:31
817,Angil,Campanelli,2024-07-16 02:16:11
818,Avigdor,Prichet,2024-07-29 17:42:51
819,Gilda,Clinkard,2023-09-01 11:21:31
820,Norine,Delahunt,2023-08-04 00:46:04
821,Arlinda,Camellini,2024-05-29 21:34:43
822,Kelli,Cupper,2023-09-07 18:55:22
823,Ollie,Strong,2023-10-27 19:24:14
824,Witty,Trundle,2024-07-12 15:21:59
825,Morgen,Suscens,2023-10-07 22:54:27
826,Alick,Klaff,2024-02-18 19:28:50
827,Kare,Madison,2024-03-28 13:09:31
828,Amie,Sanderson,2024-06-08 14:27:22
829,Roley,Esposita,2024-06-16 14:13:55
830,Humbert,McLenahan,2024-01-29 09:50:12
831,Abbie,Reeks,2024-03-06 20:37:16
832,Werner,Brighty,2024-06-27 13:05:27
833,Car,Monument,2023-08-03 20:58:42
834,Jaymie,Vowell,2023-10-26 17:36:57
835,Arleta,Catford,2024-04-04 09:10:24
836,Tybalt,Ritmeier,2024-03-24 07:10:47
837,Norrie,Burchatt,2024-07-05 18:30:03
838,Willem,Millen,2024-02-12 21:44:30
839,Astrix,McDermott-Row,2023-12-07 00:14:54
840,Torrance,Sabatier,2024-03-15 12:39:11
841,Lay,Rahlof,2023-10-21 23:26:22
842,Arabele,Conville,2024-06-01 02:51:27
843,Shem,Broske,2024-03-03 13:33:24
844,Leanor,Milvarnie,2023-12-08 10:22:03
845,Susie,Iashvili,2023-10-11 16:11:17
846,Rutherford,Simpkin,2023-09-12 19:35:52
847,Elton,Tydeman,2024-03-24 00:30:18
848,Willem,Botham,2023-10-23 02:24:20
849,Artur,Harper,2024-04-15 19:17:45
850,Bamby,Hartfield,2023-10-25 23:23:39
851,Nial,Lung,2024-01-23 02:39:50
852,Shana,Crutcher,2023-11-18 18:41:53
853,Cissy,Ungerecht,2023-09-14 21:03:20
854,Erin,Haskett,2024-03-27 11:42:36
855,Vilma,Helsdon,2024-06-12 06:30:13
856,Pebrook,McGillacoell,2024-02-13 07:48:12
857,Rickie,Glading,2024-06-28 21:52:31
858,Dyane,Jammet,2023-09-02 07:58:17
859,Dalila,Element,2023-08-31 05:08:13
860,Reynolds,Leckie,2024-01-07 08:08:15
861,Les,Corson,2024-01-30 02:25:56
862,Ludwig,Stoggles,2023-10-12 03:15:37
863,Cello,Jammes,2023-10-30 09:08:32
864,Lyon,Blaise,2024-03-08 05:49:27
865,Arnold,Byrth,2023-08-23 15:18:58
866,Nathan,MacDermid,2023-08-27 01:06:43
867,Brigida,Work,2024-02-12 10:44:16
868,Ingar,MacAless,2023-10-24 13:34:47
869,Craggie,Scotts,2024-05-29 00:27:04
870,Lurleen,Managh,2024-04-18 11:49:15
871,Gardie,Sitford,2024-06-30 16:04:32
872,Marieann,MacNish,2024-02-15 19:52:18
873,Eliza,Cano,2024-03-23 19:58:36
874,Clarance,Burress,2024-05-27 17:06:41
875,Ara,Perschke,2024-03-01 22:09:46
876,Joan,Hartfield,2023-08-26 22:42:33
877,Lacy,Hinnerk,2024-04-03 23:29:05
878,Romona,Lonnon,2023-08-06 10:41:11
879,Yolane,Bramont,2024-01-16 15:39:12
880,Sylvia,Hovert,2023-10-02 17:02:44
881,Freddi,Willerson,2024-03-24 19:43:18
882,Nikolaos,Plumbe,2024-04-21 11:13:58
883,Ania,Moulsdall,2024-01-10 21:46:57
884,Stephenie,Goldsberry,2024-01-16 21:39:31
885,Barrie,Keets,2024-07-25 02:46:15
886,Davine,Jersh,2024-03-17 16:25:45
887,Mufinella,Twoohy,2023-11-16 02:04:58
888,Filippo,O'Kennavain,2024-04-09 01:16:13
889,Mick,Croson,2024-03-16 21:52:03
890,Rustin,Salterne,2024-04-04 02:38:48
891,Seth,Slimmon,2024-02-24 11:21:11
892,Phillip,Murgatroyd,2023-09-15 06:09:18
893,Livy,Yakubowicz,2024-05-06 18:43:56
894,Roseline,Stilwell,2024-03-31 04:22:24
895,Angeli,Weatherley,2024-03-16 07:43:52
896,Shir,Barthelet,2024-04-28 12:16:04
897,Cordie,Langman,2024-02-11 04:10:23
898,Cary,Sterndale,2023-08-24 17:53:42
899,Juan,Beazer,2024-03-24 19:11:36
900,Shoshanna,McMichael,2024-05-15 19:37:20
901,Rufe,Abrahim,2023-08-16 22:20:31
902,Chucho,Swaton,2024-05-19 08:41:44
903,Chickie,Letten,2024-05-20 13:56:16
904,Gipsy,Ubank,2024-03-09 18:41:00
905,Zea,Fagan,2024-04-17 17:01:52
906,Tamar,Benz,2023-11-03 16:35:37
907,Emmalynn,Le Grand,2024-04-27 00:51:45
908,Candi,Hardi,2024-06-28 13:05:31
909,Roddy,Slowgrove,2024-04-02 03:51:19
910,Tammy,Brahmer,2023-10-27 18:56:57
911,Eward,Guiden,2024-04-27 19:33:00
912,Simona,Ginty,2024-01-07 09:59:07
913,Hamel,Harrald,2023-08-10 09:14:15
914,Christopher,Beccero,2024-02-14 22:35:33
915,Denney,Eldin,2024-04-09 00:51:05
916,Leanora,Cozens,2024-05-30 10:15:01
917,Cully,Daud,2023-10-29 21:09:54
918,Cassondra,Edgworth,2024-06-05 09:35:14
919,Suzie,Moatt,2024-06-19 04:39:21
920,Malena,Silvermann,2024-07-15 10:46:02
921,Giralda,Addicote,2024-07-23 13:21:51
922,Jayne,Rahill,2023-11-18 00:11:40
923,Aimil,Okeshott,2024-05-14 22:04:39
924,Melva,Shufflebotham,2024-06-09 08:59:54
925,Albertina,Canty,2023-12-29 14:59:29
926,Lotta,Turbill,2023-10-28 15:43:45
927,Travers,Roxbrough,2024-01-18 05:12:18
928,Marleah,Malenfant,2024-03-08 18:32:42
929,Felike,Butterick,2023-12-26 13:38:42
930,Lyndsey,Swallwell,2023-09-23 01:23:56
931,Cindelyn,Menel,2024-04-26 05:20:51
932,Janey,McAteer,2024-06-24 09:33:17
933,Brendis,Carabet,2023-08-11 17:34:34
934,Octavius,Gibard,2024-07-14 17:14:40
935,Roscoe,Sides,2024-06-26 12:34:17
936,Jefferson,Simecek,2023-08-28 02:09:12
937,Ambrosius,Mabbs,2023-11-16 22:42:03
938,Burk,Hinks,2024-06-23 23:22:36
939,Trude,Petrashov,2023-11-18 01:51:41
940,Brenna,Stayt,2024-04-02 21:18:39
941,Anton,Attride,2024-04-19 13:42:38
942,Shayla,Borley,2023-11-25 01:20:11
943,Berny,Rawson,2024-04-05 15:16:06
944,Aurelia,McDarmid,2024-07-10 08:43:35
945,Elton,Cosans,2023-08-29 02:38:14
946,Vivyan,Hardesty,2023-12-04 21:50:18
947,Gav,Lacase,2023-11-03 05:46:25
948,Terrie,Capponeer,2024-05-16 20:49:33
949,Steve,Durgan,2024-07-07 23:02:42
950,Iormina,Milesap,2024-05-19 03:16:53
951,Iain,Farrer,2023-09-20 14:51:46
952,Lainey,Spivie,2024-05-25 01:30:01
953,Nikola,Wimpress,2024-04-19 10:05:54
954,Farley,Bettles,2024-04-11 05:24:11
955,Shawn,Posselt,2024-07-29 07:20:00
956,Kaine,Tolfrey,2023-08-27 01:43:27
957,Myrta,Rivallant,2024-01-24 15:34:53
958,Angela,Bernardeau,2024-07-01 23:18:15
959,Yank,Kenningham,2024-06-16 15:00:45
960,Edin,Weekly,2024-01-27 09:51:35
961,Pamela,Exroll,2024-03-19 22:50:56
962,Chen,Fenn,2023-12-11 21:53:52
963,Lorry,Keizman,2023-12-18 22:18:43
964,Dallas,Birtchnell,2023-11-12 23:20:47
965,Worthington,Whitely,2024-05-23 02:04:48
966,Skippy,Ashforth,2023-12-25 15:13:58
967,Diana,Edser,2024-02-28 10:07:18
968,Mada,Boddam,2024-06-11 05:40:17
969,Joseito,Hartridge,2024-05-12 17:36:13
970,Aguie,Crabtree,2023-10-30 18:45:12
971,Fidela,Stigger,2023-09-28 05:56:35
972,Devi,Josskowitz,2024-01-11 04:53:22
973,Olympe,Borrowman,2023-11-08 19:52:46
974,Delores,McGuinness,2024-02-27 01:26:37
975,Susan,Gatteridge,2023-09-22 05:47:07
976,Lee,Cuddehy,2023-09-02 20:11:01
977,Karin,Douche,2024-07-31 04:27:44
978,Hubie,Gavrielly,2023-08-03 04:33:57
979,Rustin,Matusson,2024-01-26 04:11:19
980,Britt,Belcham,2023-12-19 18:25:33
981,Jackquelin,Liddard,2024-05-28 07:13:23
982,Shana,Lindup,2024-03-14 04:51:08
983,Eberto,Aizikowitz,2024-02-12 06:06:29
984,Pennie,Dani,2023-11-11 17:19:11
985,Manolo,Fessier,2023-08-19 11:16:51
986,Lenee,Kastel,2024-07-24 21:05:23
987,Fionnula,Timmis,2024-07-20 01:16:12
988,Knox,Jannex,2024-07-14 01:24:44
989,Karalynn,Espinas,2023-11-29 19:00:26
990,Joellyn,Halsho,2023-09-29 11:36:55
991,Kenneth,De Vuyst,2024-06-19 04:31:14
992,Rosetta,Kegg,2024-06-20 15:20:59
993,Lonny,Hoggan,2023-12-15 13:18:35
994,Ileana,Phelipeau,2023-08-24 16:32:36
995,Teddie,Feild,2024-01-04 12:56:46
996,Daisy,Aldridge,2024-07-07 00:27:50
997,Chantalle,Kippling,2023-12-16 20:07:18
998,Saul,Spinney,2024-07-16 02:01:17
999,Jobyna,Forbear,2023-08-20 11:24:18
1000,Muffin,Wickson,2023-12-14 04:42:31
