id,name,last_update
1,Fredric Daouze,2024-03-21 11:43:47
2,Else Callam,2024-04-06 03:27:05
3,Felipa Fane,2024-07-18 01:59:49
4,Tomlin Twelve,2024-07-13 10:12:21
5,Dorthea Lindenbaum,2024-03-28 08:06:31
6,Carla Minci,2023-10-21 11:32:56
7,Linc Fishly,2023-11-23 07:08:19
8,Milo Plom,2024-06-16 14:37:50
9,Clementia Heak,2024-05-28 10:22:33
10,Haily Peeke,2024-02-14 06:27:32
11,Zola Rubra,2023-09-04 21:30:11
12,Byram Greenwell,2024-04-13 20:49:50
13,Rollin Fenning,2024-04-22 12:32:12
14,Hildegaard Shervil,2023-10-27 23:48:05
15,Stuart Crepel,2024-01-17 06:16:30
16,Robers Bowlesworth,2024-05-14 20:31:37
17,Dianne Gammon,2024-01-31 23:06:47
18,Alexio Coye,2024-02-17 10:43:33
19,Alphard Thandi,2023-11-09 21:12:40
20,Andie Bourgaize,2024-06-06 05:53:16
21,Melosa De Bruijn,2024-07-21 07:09:39
22,Vittorio Armell,2023-08-22 00:47:13
23,Cairistiona Brearty,2023-12-14 20:52:04
24,Nanny Seamark,2024-05-16 02:11:15
25,Estrella Kenningham,2023-09-15 06:31:36
26,Felix Gerleit,2023-11-11 22:32:32
27,Haven Joannic,2023-08-11 16:53:31
28,Kiley Thompsett,2024-03-10 21:42:18
29,Wilbert Kordovani,2023-10-18 05:45:52
30,Hyman Learmount,2024-01-12 04:44:46
31,Clerissa Matheson,2024-07-31 08:20:21
32,Talbot Dougher,2023-09-10 12:39:34
33,Bennett Murrthum,2023-11-01 12:07:42
34,Enid Dirr,2023-09-11 21:31:48
35,Roosevelt Baily,2023-10-04 20:08:06
36,Almeda Tison,2023-11-12 00:25:33
37,Spense Cowins,2024-07-25 09:37:18
38,Byrle Curro,2024-04-23 12:02:53
39,Carole Henrion,2023-12-28 01:32:46
40,Janella Heggison,2024-07-16 01:35:14
41,Felicle Baleine,2023-10-07 05:56:35
42,Ward Tuiller,2024-03-09 21:20:21
43,William Cable,2023-12-10 20:24:13
44,Melloney Fomichyov,2023-09-03 20:18:55
45,Benita Kimbury,2024-07-24 07:07:42
46,Daryl Tatton,2023-12-08 19:46:48
47,Taber Kentwell,2023-10-05 10:31:13
48,Beret Whitesel,2023-08-07 22:08:11
49,Doe Manwaring,2023-10-22 01:26:49
50,Darsie Gelland,2024-02-10 03:15:55
51,Aldin Whife,2024-06-04 15:07:58
52,Hilliary Quye,2024-01-21 19:38:39
53,Thebault Imlin,2024-04-19 21:31:58
54,Fields Phibb,2023-12-16 08:58:45
55,Marlon McGawn,2024-04-29 05:22:54
56,Leopold Braiden,2023-10-11 09:07:43
57,Cally Bland,2023-09-03 04:37:42
58,Clemmie Holcroft,2024-07-20 17:12:09
59,Mal Greep,2024-04-06 15:41:36
60,Edyth Playfair,2023-12-03 05:08:03
61,Lay Tarbert,2023-12-18 02:32:25
62,Paolo Riccio,2023-09-29 12:40:22
63,Priscilla Thackham,2023-11-08 16:45:16
64,Damon Astles,2023-08-08 05:05:02
65,Hilly Carvill,2023-11-22 09:37:43
66,Jodee Ell,2024-02-10 12:28:01
67,Eudora Broxton,2024-03-17 06:46:31
68,Jessamyn Cathel,2024-03-04 16:56:16
69,Rosalinde Dightham,2023-11-30 04:52:33
70,Rip Davidzon,2023-12-16 21:10:58
71,Celinka Moughtin,2023-08-28 14:20:02
72,Aleece Duligal,2024-05-14 13:16:12
73,Collette Byron,2023-12-02 03:15:54
74,Bartholemy McKiernan,2023-12-25 08:44:00
75,Kaela Ainscow,2023-12-28 19:53:19
76,Olivie Teers,2024-03-20 18:44:46
77,Berny Laphorn,2024-07-19 03:06:12
78,Ashley Raddon,2024-04-29 17:04:14
79,Serena Cundey,2024-03-10 16:11:21
80,Abbot Smurthwaite,2024-03-20 17:09:34
81,Daniela Karppi,2023-10-06 06:21:59
82,Isac Mullins,2024-08-03 09:14:06
83,Rona Sparrow,2023-09-16 17:29:22
84,Max Nend,2023-09-06 23:52:14
85,Blinny Rivalant,2023-12-02 09:28:00
86,Elinor Zapater,2024-04-17 01:02:43
87,August Pyke,2024-04-20 15:05:21
88,Leora Shilladay,2023-12-02 19:47:32
89,Sascha Mea,2023-11-02 05:14:40
90,Kamillah Loveitt,2023-11-24 17:14:47
91,Lannie Tremmil,2023-08-28 00:47:02
92,Vincents Willock,2024-06-07 11:56:54
93,Lindie Dorrell,2024-06-08 14:49:51
94,Shay McGowran,2023-09-01 07:55:51
95,Magdalen Gladtbach,2023-11-06 19:58:19
96,Hendrik Martino,2023-09-02 17:55:12
97,Moses Hammersley,2023-08-31 00:41:00
98,Bryant Van den Bosch,2023-09-03 23:10:26
99,Richardo Semon,2024-06-30 11:54:49
100,Merrill Burd,2024-03-28 19:36:20
101,Anna Burcher,2024-03-11 14:29:54
102,Rooney Adelsberg,2024-05-07 19:06:56
103,Marieann Spaduzza,2023-11-10 01:53:09
104,Krystyna Petch,2024-04-13 17:25:04
105,Merrilee Ilyin,2024-01-28 03:33:24
106,Georgi Suggey,2023-12-31 03:49:32
107,Darrell Lovejoy,2024-05-27 17:59:16
108,Sky Wegner,2024-06-28 18:31:36
109,Lesli Minchin,2024-03-20 01:57:37
110,Lillis Yakunkin,2024-02-14 17:38:28
111,Dulcine Eidler,2024-06-14 02:50:14
112,Randee Fydo,2024-06-17 09:53:20
113,Rozalin Mordin,2023-10-08 01:43:14
114,Madalyn Schubbert,2023-09-03 10:04:30
115,Ariel Lode,2024-05-10 11:19:52
116,Lianne Seakings,2024-01-04 14:17:04
117,Harriott McAirt,2024-01-04 07:04:00
118,Kirstyn Natwick,2024-05-01 09:57:41
119,Bancroft Schwand,2024-07-26 14:39:28
120,Lishe Pragnall,2024-04-07 20:35:43
121,Sarette Curryer,2024-01-11 20:01:10
122,Teressa Chretien,2024-06-06 08:18:52
123,Eveleen Ferrulli,2023-09-13 20:17:15
124,Terrance Denziloe,2023-11-20 14:01:22
125,Inessa Hush,2024-07-27 10:02:28
126,Pippy Figgen,2023-08-18 10:54:08
127,Coreen Fenne,2023-12-26 03:22:47
128,Rafe Canadine,2024-06-03 20:15:52
129,Phylys Dow,2024-04-12 01:30:17
130,Parker Adney,2024-06-21 14:27:09
131,Arlinda Spenton,2024-01-31 18:14:24
132,Rosemaria Dachey,2024-02-10 20:03:51
133,Amalie Shergold,2024-03-21 02:08:48
134,Harald McGeouch,2023-08-30 02:03:24
135,Aron Magrane,2023-11-18 03:07:35
136,Joelynn Goodlad,2023-10-26 21:30:16
137,Arturo Ingham,2023-10-26 07:49:42
138,Averil Daskiewicz,2024-05-15 03:19:11
139,Hewett Sine,2023-12-12 16:42:20
140,Minta Burde,2023-09-10 01:11:01
141,Valerie Crab,2024-04-04 14:35:03
142,Theresita Fischer,2023-08-12 03:14:58
143,Jordon Starking,2023-11-01 20:02:44
144,Cleo Douberday,2024-05-12 11:51:39
145,Amalee Gahan,2024-04-22 07:33:43
146,Kyle Forman,2023-09-23 02:40:03
147,Lindsay Samson,2024-04-24 04:30:03
148,Dmitri MacLaughlin,2024-03-26 08:56:15
149,Brook Cowup,2023-08-27 03:38:58
150,Simon Tuting,2024-01-20 03:50:10
151,Forrester Hessel,2024-04-04 00:24:02
152,Julee Cruft,2024-04-15 07:12:08
153,Quinn Bowton,2023-08-12 03:05:41
154,Gerard Briand,2024-03-06 10:33:12
155,Diane-marie MacKeogh,2023-10-21 11:15:16
156,Bunnie Tompsett,2023-10-28 02:56:19
157,Michel McIlenna,2024-01-19 09:00:05
158,Alvis Pahl,2024-07-10 12:31:52
159,Darill Malan,2024-04-29 13:40:37
160,Janot Frisdick,2024-01-18 18:09:52
161,Katleen Brasted,2024-04-08 20:08:52
162,Nobe Pybus,2023-12-11 22:53:28
163,Hans Gaynsford,2024-03-14 02:44:28
164,Alli Slinger,2024-05-14 10:02:09
165,Rosamund Dulen,2024-05-28 03:04:56
166,Rochette Losel,2024-06-27 19:13:57
167,Leena Gatecliffe,2023-11-23 12:10:38
168,Fredra O'Caine,2024-01-10 23:23:07
169,Rianon Doolan,2024-06-05 22:59:34
170,Connor Cantrill,2024-03-03 20:20:43
171,Pattin Mattingly,2023-08-30 13:05:52
172,Helen-elizabeth Dicky,2023-10-19 05:58:03
173,Batholomew Barg,2023-11-28 02:48:14
174,Marni Purse,2024-03-19 23:46:11
175,Linn Batman,2023-10-21 05:44:45
176,Gavin McAless,2024-07-12 00:16:27
177,Cesya Lesor,2024-04-25 17:33:55
178,Noah Bedder,2024-02-10 15:23:02
179,Barnabas Sammon,2024-04-23 00:08:48
180,Flss Craddock,2024-05-18 11:32:19
181,Isabella Sherwyn,2024-06-05 12:02:52
182,Alley Pulver,2024-01-30 13:41:57
183,Mariann Landal,2024-01-11 17:10:37
184,Ora Pullinger,2024-07-08 04:42:55
185,Meier Batchellor,2024-01-28 07:23:18
186,Ross Sneden,2024-01-05 20:35:57
187,Helen-elizabeth Harmon,2024-03-26 07:14:14
188,Hilly Dougliss,2024-07-21 02:30:08
189,Moss Keener,2024-05-04 00:58:39
190,Elfrida Lejeune,2023-08-29 16:16:42
191,Kanya Seleway,2024-04-07 19:56:22
192,Dame Billborough,2024-03-05 18:32:13
193,Pearline Savoury,2024-03-18 19:36:41
194,Gianina Cowmeadow,2023-08-24 16:14:01
195,Jewel Twist,2024-02-24 13:49:37
196,Mile Bryns,2024-06-18 15:30:36
197,Irv Tiesman,2023-08-29 07:45:47
198,Harold Shackel,2023-08-09 13:23:58
199,Natividad Zapatero,2024-02-18 00:56:58
200,Wash Springate,2023-12-06 20:49:16
201,Melisenda Howse,2024-07-29 15:09:22
202,Allard Busen,2024-03-21 12:44:04
203,Tobye McRitchie,2023-10-07 17:41:07
204,Chadd Sivewright,2024-03-10 05:21:36
205,Doreen Boise,2024-04-28 15:23:03
206,Jody Zum Felde,2024-04-07 12:10:26
207,Ewen Eathorne,2024-06-16 00:29:03
208,Henderson Fibbens,2024-03-27 19:36:06
209,Kerianne Rolf,2024-01-01 10:45:26
210,Fransisco Shillington,2024-02-24 15:22:34
211,Oby Jedrzejkiewicz,2023-12-01 06:52:42
212,Gene Ferrino,2024-01-09 18:08:19
213,Kacey Souter,2023-10-25 04:39:17
214,Lilllie Antognazzi,2024-07-24 09:20:33
215,Lea Clace,2024-03-12 03:13:14
216,Gustav Concannon,2023-12-09 22:13:43
217,Nara Prangley,2023-08-27 14:38:45
218,Zia Lemerle,2024-05-11 17:55:56
219,Judon Dulinty,2024-04-18 09:28:44
220,Sofie Janous,2023-11-10 04:15:27
221,Celie Reubens,2024-07-14 22:13:53
222,Christophorus Bartell,2023-11-28 20:41:17
223,Ermengarde Clopton,2023-12-24 20:14:15
224,Brittne Fogg,2023-12-18 18:00:51
225,Andris Treneman,2023-12-16 07:32:50
226,Suki Akeherst,2024-05-10 17:41:46
227,Constantino Worshall,2023-09-03 01:38:22
228,Odo Duncanson,2024-06-24 16:04:08
229,Luke Long,2023-09-30 10:44:46
230,Florian Durston,2024-06-20 18:27:43
231,Reagan Worrill,2024-04-24 13:46:03
232,Laird Pavek,2023-12-31 01:03:38
233,Merrile Martill,2024-04-02 02:33:02
234,Ronnie Wynne,2024-05-09 14:35:18
235,Dulcy Milliere,2023-12-19 23:16:50
236,Elset Billo,2024-01-06 06:21:37
237,Lindsay Britton,2023-12-07 13:27:00
238,Katheryn Aymes,2024-05-29 17:27:00
239,Jemmy Crigin,2024-03-24 10:20:50
240,Tedman Ingry,2023-11-02 16:20:47
241,Julio Endicott,2024-05-03 04:35:24
242,Ambros Moneypenny,2024-07-09 19:16:58
243,Linet Sanchiz,2023-09-19 13:56:30
244,Lynda Eddisforth,2024-07-29 02:34:56
245,Kamilah Scrooby,2023-12-25 23:31:25
246,Gypsy Trout,2024-03-19 08:05:07
247,Marty Drable,2024-03-24 00:54:05
248,Aeriell Bugg,2023-09-20 20:48:10
249,Hamilton Giacovelli,2024-05-05 06:56:54
250,Cornelia Dorgon,2024-05-11 12:52:45
251,Neils Cadagan,2024-02-29 00:04:25
252,Iormina Bownd,2024-05-25 03:17:07
253,Lorianna Truett,2023-10-04 23:46:44
254,Emelda Gumery,2024-03-15 07:07:17
255,Liliane Bussens,2023-08-31 20:02:46
256,Hatti Fetherston,2023-12-13 09:51:20
257,Cleopatra Melson,2023-09-28 07:59:04
258,Ashleigh Swannell,2024-02-03 17:11:08
259,Fidelio Filippozzi,2024-01-18 05:42:31
260,Berte Womack,2024-07-19 11:43:16
261,Amberly Hanse,2024-05-20 19:41:31
262,Sibyl Dyte,2024-07-17 19:41:59
263,Cris Hindmoor,2024-04-06 10:51:30
264,Finlay Blaszczak,2023-11-02 00:55:43
265,Clarey Santos,2023-10-15 06:44:07
266,Georgianna Tupling,2023-10-02 18:35:54
267,Murdock Leibold,2023-12-03 23:44:48
268,Iorgos Scard,2024-03-16 19:27:37
269,Paulie Dowse,2023-10-21 19:27:48
270,Cozmo Wynter,2024-05-20 07:21:25
271,Brooks Selbach,2023-12-31 01:41:20
272,Dorotea Raittie,2023-10-22 07:02:27
273,Brenden Embury,2024-02-22 10:05:21
274,Araldo Grugerr,2023-10-20 12:03:15
275,Evita MacConnel,2023-08-23 11:09:19
276,Leta Simnell,2023-11-05 06:48:40
277,Kissiah Pick,2023-09-28 23:02:48
278,Jobi Alpine,2023-10-04 09:19:46
279,Redford Sarfat,2024-07-07 17:43:14
280,Deeanne Scurr,2024-07-15 19:50:07
281,Nadean Merman,2023-10-02 14:05:51
282,Kile Lamey,2023-11-03 07:02:31
283,Frasier Possek,2023-12-25 16:59:05
284,Andreas Ellsom,2024-04-16 22:20:19
285,Chrisse Cammock,2024-04-06 15:44:03
286,Barnett Steinor,2024-07-21 08:15:43
287,Randal Smaile,2023-10-12 20:19:01
288,Mallissa Vickar,2023-09-12 02:00:25
289,Marget Deveraux,2023-11-15 04:36:52
290,Shelbi Kinneir,2023-11-19 05:54:36
291,Alejandrina Orans,2023-08-30 05:21:58
292,Trueman Hold,2024-03-19 16:23:09
293,Lauretta Klugman,2024-05-30 18:54:18
294,Sheena Anthony,2023-12-26 15:22:12
295,Jeanie Ham,2023-10-29 07:15:34
296,Jo Sheridan,2023-10-15 20:36:56
297,Doyle Stapels,2024-05-11 10:01:08
298,Yvor Itzcovichch,2024-07-05 07:12:03
299,Olag Heddan,2023-12-23 06:39:18
300,Brianna Myring,2023-10-07 14:00:29
301,Jessika Mogey,2024-05-10 15:53:03
302,Zane Pilmer,2023-10-02 17:40:08
303,Joy Jakeman,2024-07-31 18:48:19
304,Gearard Whittlesey,2024-08-03 16:31:33
305,Veda Gillbe,2024-05-18 12:35:58
306,Adrea Adamoli,2024-07-08 05:43:21
307,Nicolais Kemetz,2023-09-28 17:57:29
308,Gipsy Huriche,2023-11-10 16:41:39
309,Dunc Cereceres,2024-02-28 06:09:54
310,Joyce Gomes,2024-05-27 17:31:24
311,Valli Donke,2023-08-23 13:05:13
312,Maritsa Abramovitch,2023-12-27 12:50:19
313,Wright Morshead,2024-03-22 16:37:04
314,Dahlia Simenel,2024-04-24 18:04:13
315,Yelena Winslade,2024-07-16 14:59:12
316,Sayer Kauscher,2024-02-15 18:56:00
317,Johnette Lamy,2023-10-09 17:05:41
318,Glenden Rochford,2024-02-25 07:15:03
319,Alayne Magister,2024-02-26 19:11:00
320,Jessamine Eldershaw,2024-03-04 13:53:06
321,Cordula Sinnott,2024-04-09 06:54:26
322,Ynes Altofts,2024-07-08 10:02:54
323,Rufus Whye,2024-07-30 18:58:33
324,Guss Roarty,2023-10-05 01:24:05
325,Tripp Hincham,2024-06-09 08:10:47
326,Lee Drayn,2023-08-15 22:42:57
327,Ring Gourley,2024-02-04 08:20:38
328,Fredrika Stanistreet,2023-11-21 09:11:27
329,Marcellina Havis,2024-02-20 16:59:39
330,Carver Llop,2023-12-21 03:41:27
331,Ronni Detheridge,2024-05-19 15:18:56
332,Jeana Bugbird,2024-01-17 18:02:43
333,Carr Cordeau],2024-02-01 06:21:40
334,Erin Catherine,2024-02-26 07:21:50
335,Estrella Siberry,2023-12-16 07:04:44
336,Deanna Hek,2024-05-04 07:09:00
337,Florentia Leipoldt,2024-01-10 13:31:32
338,Vance Itzcovich,2024-06-27 16:33:14
339,Beryl Townson,2024-05-18 17:11:46
340,Uri Keningham,2024-04-11 13:25:50
341,Hildagarde Magovern,2023-11-06 17:22:51
342,Lamar Edney,2023-09-19 15:20:09
343,Gaultiero Dytham,2024-05-06 16:51:42
344,Tadeas Bumpas,2023-11-01 23:46:48
345,Ashia Pyke,2023-10-13 04:11:09
346,Maia Mewis,2023-08-24 02:26:52
347,Price Stegell,2024-03-22 01:19:54
348,Doti Vaan,2023-11-06 07:39:51
349,Zahara Aikman,2024-01-24 00:46:56
350,Ajay Jeffs,2024-05-30 20:20:37
351,Celestine Edgerley,2024-06-14 21:28:56
352,Idalina Kunat,2023-09-12 03:57:28
353,Jodi Elacoate,2024-02-03 23:03:48
354,Saidee Percifull,2023-08-10 15:02:50
355,Lynna Holburn,2023-12-24 16:30:35
356,Antonio Hellcat,2024-01-01 17:03:01
357,Josefa True,2023-08-07 04:56:29
358,Katee Fredy,2023-09-15 07:55:47
359,Carey Volonte,2024-02-29 17:34:44
360,Fay Le Marquis,2023-11-28 06:26:22
361,Jere Middas,2024-06-09 21:33:16
362,Laura Butcher,2024-02-06 07:08:35
363,Brewer Berka,2024-05-23 02:42:08
364,Bard Trembey,2023-12-15 12:23:46
365,Ambrosius Feathers,2024-03-24 20:56:07
366,Vivienne Jiru,2024-02-21 03:23:44
367,Bobbi Downe,2023-08-22 02:38:19
368,Farley Canas,2024-02-16 10:35:12
369,Erek Coushe,2024-06-30 01:57:58
370,Mead Littley,2023-11-29 12:23:00
371,Thatch Pikesley,2023-11-08 21:36:52
372,Reinwald Overshott,2024-08-02 10:31:35
373,Concettina Gioan,2023-12-07 02:49:53
374,Maximilien Kaaskooper,2024-06-04 22:34:29
375,Burl Wisher,2023-12-21 01:00:29
376,Arda Kinder,2024-04-25 03:52:46
377,Cyrill Piggin,2024-06-16 17:14:17
378,Darelle Whyke,2023-09-09 04:08:44
379,Lexis Drayn,2023-08-21 19:40:04
380,Lorelei Breckell,2023-08-23 18:45:28
381,Vivie Forty,2024-05-14 07:40:32
382,Riccardo Allsop,2024-07-06 06:59:54
383,Melitta Moralis,2024-04-12 08:30:44
384,Devan Ivanikhin,2023-11-07 20:43:27
385,Bard Balazs,2024-02-11 05:41:49
386,Hanny McKaile,2024-05-02 13:21:59
387,Christin Latch,2023-08-05 12:21:07
388,Rae Gard,2024-01-10 12:02:20
389,Dun Maylam,2023-10-15 17:54:05
390,Fran Gerbi,2024-04-28 21:57:53
391,Venus Carnock,2024-04-25 23:27:29
392,Hildegaard Bowdrey,2024-06-26 18:52:47
393,Rodrique Methven,2024-04-27 16:53:57
394,Fabe Creed,2023-08-28 04:02:11
395,Abigale Dwire,2024-01-11 08:24:43
396,Codi Blanchard,2024-03-03 08:59:30
397,Zea Kille,2023-08-31 08:03:31
398,Shanta Pulhoster,2024-03-13 10:09:52
399,Dynah Titmus,2024-07-10 17:00:28
400,Rivy Moultrie,2024-05-06 08:56:02
401,Quillan Buckoke,2024-03-11 14:43:25
402,Claretta Kitson,2024-07-01 04:57:03
403,Rebecca Kingston,2023-11-10 14:43:06
404,Reinaldo Greystock,2024-03-19 02:31:07
405,Findlay Adds,2024-05-09 22:49:14
406,Dun Duplock,2023-09-17 11:34:36
407,Shalom Strettell,2024-05-30 18:40:14
408,Roddie Kinkead,2023-09-10 20:50:28
409,Gay Phethean,2024-04-13 09:03:28
410,Babette Saltrese,2024-02-05 08:10:04
411,Haleigh Drinan,2024-05-07 07:07:48
412,Lynne Casacchia,2024-07-08 12:17:02
413,Alice Buckston,2023-08-11 10:22:22
414,Emelda Carvilla,2023-12-31 11:03:51
415,Maddie Kynson,2024-05-11 13:15:06
416,Floris Kepp,2023-10-06 20:43:11
417,Norrie Bosanko,2023-12-07 10:15:53
418,Brittany Baildon,2023-12-27 12:18:22
419,Rancell Braune,2024-08-04 05:09:36
420,Sofie Mensler,2023-12-02 23:58:49
421,Alley McAllen,2024-04-12 00:53:45
422,Abbie MacDearmont,2024-06-21 07:35:17
423,Gregoor Olding,2023-10-11 11:45:17
424,Kylie Olczyk,2024-07-12 15:54:44
425,Shannon Butrimovich,2024-07-08 10:22:07
426,Amber Jurges,2023-12-14 04:32:46
427,Isaac Bonnett,2023-12-30 02:19:32
428,Sisely Shepcutt,2024-07-06 03:25:18
429,Hanna Curl,2023-11-29 11:34:10
430,Wakefield Poveleye,2024-06-22 02:49:07
431,Eddi Shepherd,2023-09-22 20:51:01
432,Enrico Sherville,2024-05-03 13:17:47
433,Thea Curnock,2024-06-07 12:02:00
434,Eunice O'Noland,2024-04-17 08:15:14
435,Linnet Baccas,2024-01-24 17:00:03
436,Aleece Maker,2024-04-27 18:23:10
437,Brittney Wason,2024-07-26 09:13:21
438,Sidnee Braferton,2023-08-25 11:26:14
439,Miguela Toffolini,2024-05-14 19:14:58
440,Shena Guisby,2024-02-12 11:49:55
441,Sarina Ferreli,2024-01-18 16:18:28
442,Erena Matelyunas,2024-06-04 04:42:01
443,Christophorus Cannicott,2024-05-25 18:28:13
444,Abbi Lomath,2024-06-08 10:42:12
445,Hoyt Weatherburn,2023-08-21 03:57:01
446,Ransell Yalden,2023-10-31 18:33:32
447,Alvera Josovich,2023-10-20 03:51:36
448,Joaquin Fynan,2024-05-31 08:46:16
449,Dennie Passion,2023-08-19 20:29:01
450,Adelice Espinal,2023-10-03 23:25:11
451,Sibylla Esmond,2024-03-08 09:45:32
452,Bobina Makinson,2023-09-21 00:09:29
453,Wainwright Gazzard,2024-04-05 23:42:45
454,Roz Sahnow,2024-05-19 03:52:07
455,Melamie Abbado,2023-09-02 13:44:25
456,Goddard O'Finan,2023-10-17 01:35:17
457,Cassy Rozier,2023-09-18 03:41:39
458,Aurlie Duthy,2024-05-14 15:09:21
459,Sammie Godsell,2024-03-27 17:45:10
460,Ashlee Musslewhite,2024-02-29 03:00:42
461,Eliot Tomasino,2024-06-19 05:20:33
462,Blake Fasey,2023-10-25 16:14:49
463,Tracie Kearton,2024-06-05 18:36:48
464,Denis Oxburgh,2023-10-04 20:37:43
465,Rosalia Walczynski,2023-10-22 02:00:00
466,Kiley Meadowcroft,2024-03-08 21:30:51
467,Miquela Gosenell,2024-01-26 11:22:33
468,Dinnie Lillywhite,2024-07-30 14:50:29
469,Laird MacFadin,2024-02-12 00:04:48
470,Gene Brownstein,2023-11-13 06:12:11
471,Constancy MacKenny,2024-02-16 10:39:23
472,Ki Tatersale,2023-08-18 15:51:27
473,Zorina Carletti,2024-06-30 06:29:40
474,Uta O'Kennavain,2024-02-08 17:51:02
475,Elysee Dudhill,2024-02-08 20:03:45
476,Loydie Youle,2024-04-25 06:46:58
477,Violetta Lumb,2024-03-01 04:38:35
478,Huntlee Groom,2023-09-20 06:53:37
479,Lacee Gaine,2023-10-18 20:24:15
480,Connor Geddis,2024-02-19 17:30:16
481,Sabine Hupe,2024-07-16 15:21:49
482,Concordia McKennan,2024-01-29 17:25:32
483,Doralyn Curtin,2023-08-08 07:25:54
484,Stuart Newburn,2024-04-06 01:06:57
485,Bettye Engall,2023-11-16 08:03:34
486,Keene Burnhill,2023-11-25 22:35:09
487,Gerhard Sickling,2024-06-07 00:16:27
488,Porty Winspur,2024-06-20 04:04:36
489,Efren Beckhurst,2023-10-01 12:23:12
490,Edward O'Kennedy,2024-06-08 23:58:56
491,Bernie Steuart,2024-02-15 14:37:19
492,Zed Bennedick,2023-11-07 16:32:15
493,Noland Simeoli,2023-12-25 03:38:43
494,Sunny Kenneway,2024-04-19 05:18:32
495,Patience Sebley,2024-04-11 00:46:51
496,Antonius Tole,2024-04-02 13:33:53
497,Rad Trahmel,2024-03-24 06:27:31
498,Thane Carne,2024-07-16 09:19:25
499,Maxim Syers,2024-03-05 10:41:27
500,Florian Conaboy,2024-04-14 06:12:59
501,Grannie Zimek,2024-03-24 16:36:23
502,Antoni Westcar,2024-03-06 09:10:29
503,Hailee McGinley,2023-12-13 15:13:24
504,Ginnifer Pioch,2024-02-29 21:14:10
505,Emily Bearfoot,2023-11-12 21:31:29
506,Lena Gosz,2024-04-23 05:37:56
507,Valentino Daborne,2023-09-11 14:42:12
508,Constance Grishanov,2024-04-10 21:57:18
509,Katusha Quick,2023-09-14 08:19:19
510,Minnie Borgesio,2024-07-16 22:42:26
511,Carlynne Prichet,2024-06-10 18:53:39
512,Paolina Billings,2023-10-31 01:25:10
513,Marylynne Ben,2024-07-16 08:16:36
514,Norbie Kempster,2023-10-17 06:19:51
515,Bernadette Hoyle,2023-08-28 10:28:43
516,Ricoriki Wensley,2024-01-26 00:21:19
517,Nobe Gradwell,2024-02-03 23:41:42
518,Kristine Hammerton,2023-11-20 15:05:23
519,Jeri Croley,2023-08-06 18:42:31
520,Kaine Sirey,2024-01-27 01:18:10
521,Jeth Verrier,2023-12-18 01:55:15
522,Augusta Crix,2024-02-13 11:48:55
523,Lorry McCord,2024-07-22 23:53:13
524,Benedicta Farrens,2023-10-19 03:15:14
525,Ceciley Salzburg,2024-04-23 18:13:48
526,Lyn Cowey,2024-05-17 18:24:59
527,Ariela Southwell,2024-03-10 09:20:34
528,Way Kirley,2024-01-09 13:03:24
529,Ketty McKernon,2023-09-15 17:36:34
530,Lizabeth Ritchley,2024-05-14 17:21:32
531,Car Linklater,2024-07-29 17:17:47
532,Larine Rolingson,2024-01-01 00:52:41
533,Hinze Arnson,2024-03-07 14:17:19
534,Norean Michell,2024-01-10 01:07:51
535,Winnifred Woolvin,2024-05-08 23:11:38
536,Damon Chstney,2024-04-06 18:28:36
537,Worth FitzGibbon,2023-10-23 22:00:00
538,Sansone St. John,2024-02-08 15:04:29
539,Anderea Hallgalley,2024-07-22 11:20:50
540,Mathian Pickersgill,2023-09-24 07:51:18
541,Hailey Yarranton,2024-07-09 08:40:26
542,Maison Rudiger,2024-05-01 11:25:58
543,Dominic Kas,2024-02-05 08:31:12
544,Corene Slane,2023-10-11 02:13:18
545,Rossie Scurlock,2024-06-27 04:49:07
546,Annecorinne McLenahan,2024-02-14 05:28:56
547,Brunhilda Johnsey,2024-01-27 04:38:30
548,Celeste D'Orsay,2024-07-03 12:13:34
549,Elle Rubrow,2023-11-12 04:17:15
550,Edward Gheerhaert,2024-03-25 13:55:56
551,Alie Easterby,2024-04-30 17:54:24
552,Beck Wandrich,2023-12-29 02:58:23
553,Siegfried Peverell,2024-03-27 12:36:14
554,Rodi Gonsalo,2023-08-05 20:50:29
555,Brendin Macia,2023-12-01 23:27:19
556,Laurianne Givens,2024-03-22 03:03:57
557,Levon Shortan,2024-07-29 06:16:01
558,Zia Woolaston,2024-05-13 14:36:34
559,Coleen O'Lunny,2024-07-04 23:20:34
560,Kelcey Roux,2024-06-12 22:33:44
561,Alane Bartels-Ellis,2023-10-27 06:32:00
562,Annie MacDirmid,2024-03-27 11:45:40
563,Mandie Gair,2024-05-14 12:02:15
564,Lorinda Gunning,2024-06-21 00:21:39
565,Tobin Jacobsen,2024-01-29 08:27:36
566,Neila Waite,2024-03-09 08:43:30
567,Catrina M'Quharg,2023-09-07 19:18:48
568,Donni Crush,2024-03-20 23:44:00
569,Nissa Uren,2024-07-10 13:48:14
570,Corissa Mair,2024-06-12 20:17:17
571,Kane Payle,2023-09-21 18:48:04
572,Dillon Sitwell,2023-09-20 03:33:56
573,Grete Riep,2024-07-14 00:28:26
574,Leticia Buesnel,2023-10-01 16:48:11
575,Benjy Lauks,2024-06-17 01:15:42
576,Celesta Cragoe,2023-11-04 08:42:44
577,Amalle Clayson,2024-01-25 23:12:13
578,Melany Marcum,2024-06-17 01:25:43
579,Thebault Rens,2024-07-30 02:58:27
580,Jeremie Trusdale,2024-07-30 19:54:31
581,Rowland Ney,2024-02-02 12:17:23
582,Malvin Gracey,2024-05-26 13:52:35
583,Germana Lacrouts,2024-07-05 09:16:33
584,Harriot Huffadine,2023-11-16 03:07:55
585,Laurianne Crook,2024-06-09 21:49:20
586,Thomas Conville,2024-02-05 22:30:10
587,Malvin Hounsome,2023-08-29 13:26:39
588,Jacquelyn Huffadine,2024-01-30 19:01:56
589,Yorgos Elleray,2024-01-15 17:17:50
590,Davey Heddy,2023-08-12 14:28:12
591,Coralyn Hearnden,2024-02-20 20:33:20
592,Gaylene Pavlitschek,2023-12-16 04:31:33
593,Verne Benson,2024-02-12 21:49:40
594,Cherin Goodsell,2024-04-28 12:50:45
595,Bernie Waltho,2024-04-11 14:17:58
596,Marrilee Olenov,2024-01-17 14:46:59
597,Sue McGirl,2024-04-15 12:58:43
598,Cristen Scowcraft,2024-06-03 06:35:45
599,Lucina Triggs,2024-05-23 01:36:10
600,Mair MacTerrelly,2024-03-25 02:58:42
601,Jourdain Hovenden,2024-02-05 05:10:50
602,Caritta Gudgen,2023-12-13 01:45:01
603,Lorianna Taberer,2024-05-07 19:55:25
604,Ario Crady,2024-02-02 02:25:00
605,Luz Legerton,2023-09-19 14:00:54
606,Hedda Lindgren,2024-05-08 03:36:00
607,Karine Strephan,2024-03-11 03:17:14
608,Kimbell Worton,2024-07-20 23:23:29
609,Stu Tuffs,2024-03-22 17:01:19
610,Wini Ashfold,2023-10-28 10:10:36
611,Mitchael Walasik,2024-02-15 20:18:14
612,Lambert Gresswood,2023-10-29 09:59:28
613,Ashely Demead,2024-06-15 08:45:55
614,Sybil McQuarter,2024-08-02 08:03:46
615,Chancey Weiss,2024-05-20 03:43:42
616,Barbe Morden,2024-05-15 04:07:17
617,Hugo Bogie,2023-12-30 23:47:27
618,Zandra Dwyer,2024-02-21 17:15:27
619,Mildrid Cammacke,2024-01-25 22:04:47
620,Ellwood Fritter,2024-05-24 14:47:00
621,Corry Moyes,2024-01-25 17:46:57
622,Ethelin Bragge,2024-04-11 20:13:03
623,Wandis Truin,2024-07-24 14:57:43
624,Fran Cabrera,2024-05-22 13:04:21
625,Cirilo Foyston,2024-03-25 01:04:33
626,Isabelita Botterill,2023-10-08 02:43:22
627,Lanie Le Jean,2024-05-19 22:15:38
628,Kippy Petrelli,2023-08-22 13:49:55
629,Alli Gammell,2023-10-20 06:43:25
630,Tome Ioannou,2024-03-02 06:34:25
631,Jody Gwyn,2023-12-08 23:12:37
632,Edeline Carvilla,2023-10-24 04:45:03
633,Saba Breitler,2024-03-26 12:09:51
634,Fern Kohtler,2023-09-29 00:34:05
635,Tawnya Caswall,2024-02-24 01:18:17
636,Waverly Sighard,2024-01-18 08:56:11
637,Martin Gowling,2023-12-24 20:05:42
638,Leesa Sutherland,2024-02-23 21:55:17
639,Zora Dovermann,2024-07-14 13:14:15
640,Humberto Van Velde,2024-04-25 11:17:39
641,Gavra Gommowe,2024-01-08 19:27:02
642,Whitney Tollerfield,2023-09-22 00:01:06
643,Cristin Duffill,2024-01-29 22:55:19
644,Guilbert Moylane,2023-12-31 20:21:42
645,Bennie Frearson,2023-11-23 06:58:54
646,Stanleigh Hartnell,2024-03-07 11:03:32
647,Gavrielle Oventon,2024-03-15 00:27:24
648,Bethanne Bickerdike,2024-03-28 19:25:04
649,Annnora Ricker,2024-03-04 22:29:01
650,Hyman Mohammad,2024-03-13 23:06:29
651,Christa Kee,2023-10-05 12:33:02
652,Zebulon Sappell,2024-07-10 19:13:34
653,Briano de Lloyd,2023-10-19 10:23:05
654,Quinn Abbado,2024-07-31 12:50:40
655,Alidia Wythill,2023-08-29 19:36:56
656,Allyn Hanalan,2023-08-30 16:20:45
657,Joye Bednall,2023-10-24 20:04:10
658,Anjela Creelman,2024-02-26 15:44:27
659,Jonas Jakubowski,2023-11-01 03:06:31
660,Knox Issatt,2023-12-18 12:33:23
661,Cami Fudge,2023-08-30 23:33:31
662,Porter Donoher,2024-03-28 05:05:21
663,Gertie Bumpass,2023-09-01 14:26:47
664,Augustine Panas,2023-08-30 17:38:57
665,Adey Rumsby,2023-11-21 20:06:33
666,Crin Ayliff,2023-10-17 22:34:42
667,Adrea Fass,2024-05-30 20:27:11
668,Chauncey Sertin,2023-11-03 23:41:08
669,Noland Ingerman,2024-04-17 23:06:46
670,Silvana Baison,2023-12-04 19:06:33
671,Antoni Rendell,2023-11-06 06:27:22
672,Philomena Lauxmann,2024-02-02 23:57:45
673,Padgett Ayer,2024-02-19 20:39:22
674,Feodor Farrar,2024-07-19 17:04:42
675,Pavel Sibbering,2023-12-23 08:00:21
676,Issie Wingfield,2024-01-03 00:55:17
677,Billie Borleace,2024-04-14 21:44:03
678,Bridget Casino,2024-02-04 06:35:48
679,Minette Melmoth,2024-04-16 19:39:16
680,Traci Coveny,2023-08-31 22:32:13
681,Vlad Halewood,2024-06-27 07:13:40
682,Ursa Sneezem,2024-07-28 21:45:37
683,Nikoletta Cutchey,2023-10-18 14:18:53
684,Buckie Garie,2024-07-21 18:30:32
685,Teodor McGlade,2024-01-10 21:32:39
686,Linnet Balnaves,2023-09-26 21:04:47
687,Milli Adelsberg,2024-02-03 05:58:31
688,Derwin Greenway,2024-06-07 02:33:14
689,Ailyn Huyche,2024-01-03 05:00:14
690,Aleece Chamberlaine,2023-12-22 12:19:48
691,Tierney Moylan,2024-03-11 07:30:56
692,Hodge Wathen,2024-01-29 17:29:08
693,Dar Copner,2023-09-20 14:00:12
694,Talbert Mergue,2023-12-15 14:15:53
695,Ramona Laister,2024-05-27 04:23:13
696,Bambie Von Hindenburg,2024-07-04 11:49:49
697,Delly Grey,2023-12-07 12:24:10
698,Angelika Redhole,2024-03-15 15:26:43
699,Krissie Rabbitts,2024-08-02 04:18:29
700,Rivkah Verrier,2023-12-11 21:46:06
701,Ole Delooze,2024-04-24 19:01:32
702,Magda Longhorne,2023-10-09 01:11:09
703,Amory Galiero,2024-01-28 06:08:30
704,Niel Ambrosini,2023-11-10 07:43:13
705,Gerti Bester,2023-12-31 07:47:22
706,Wilmar Easterby,2024-02-19 04:40:59
707,Corella Gratrix,2024-02-26 03:55:17
708,Leland Giacomo,2024-07-17 08:17:59
709,Konstantine Olanda,2023-10-03 12:07:25
710,Cyndia Delhay,2024-03-27 04:01:23
711,Kirk Walentynowicz,2023-09-25 18:05:44
712,Kennie Dorman,2024-02-10 11:02:56
713,Emmaline Tankard,2024-02-27 03:41:03
714,Bidget Bancroft,2023-10-20 01:03:47
715,Cyrillus Stienham,2023-10-30 07:20:15
716,Joell Doby,2024-03-12 21:53:36
717,Darelle Presland,2024-02-21 08:29:18
718,Trace Pletts,2024-05-21 22:32:02
719,Gregor Vango,2024-01-21 17:17:16
720,Steve Hanrahan,2023-10-31 16:45:02
721,Maible Betton,2023-09-08 18:09:09
722,Nydia Darkott,2024-04-29 16:32:30
723,Coleman Brigshaw,2023-10-31 07:23:19
724,Maurice Lettson,2024-05-30 16:32:41
725,Marybelle Hukin,2024-03-11 00:51:13
726,Georgiana Hamson,2023-12-05 01:16:19
727,Gardner Doonican,2023-09-02 07:36:14
728,Eddy Dumbellow,2023-09-05 23:08:58
729,Alaine Matthiae,2024-03-16 01:37:54
730,Sissie Woollacott,2023-09-24 07:06:14
731,Omero Stannard,2024-07-21 21:19:59
732,Darcy Ruben,2024-03-16 01:33:50
733,Wallas Cuningham,2024-04-29 22:45:05
734,Fedora McGowran,2024-04-01 02:48:40
735,Maurise Heningham,2023-11-05 18:06:52
736,Bianka Petrashov,2023-09-08 23:15:19
737,Clementine Cradoc,2024-02-12 00:09:49
738,Josselyn Lowndes,2024-04-20 14:25:36
739,Stella Garth,2024-05-09 17:43:17
740,Spike MacLise,2023-09-12 20:45:37
741,Darn Leavy,2024-01-28 20:05:45
742,Ezekiel Maleck,2024-04-21 19:08:54
743,Kristien Deaves,2023-09-24 21:24:45
744,Dareen McRavey,2023-10-14 03:14:29
745,Juliette Huerta,2023-08-28 14:02:55
746,Obadiah MacGettigen,2024-03-07 10:10:05
747,Gina Primmer,2023-12-10 01:06:40
748,Thorpe Megarry,2024-06-01 08:05:16
749,Juli Severns,2024-07-12 05:35:25
750,Alice McBrearty,2024-04-13 21:27:36
751,Casey Kirrens,2024-03-28 10:20:41
752,Abbie Cellone,2024-02-24 13:06:00
753,Brice Cawcutt,2023-09-26 09:49:51
754,Florence Blackater,2023-09-01 16:59:19
755,Margo Skippings,2023-11-12 11:41:25
756,Evangelin Bernette,2024-08-01 01:52:31
757,Hughie Whettleton,2023-12-18 05:27:01
758,Vale Bosward,2023-11-07 07:19:30
759,Karlan Nutten,2023-11-10 13:09:37
760,Emmy Helder,2023-09-21 17:21:19
761,Beverlee Greated,2024-07-30 15:21:18
762,Lulita Corten,2023-08-30 13:57:27
763,Luke Phidgin,2023-11-03 13:21:15
764,Chery Firbanks,2024-05-13 21:19:33
765,Teodoro Deveraux,2023-11-12 23:43:34
766,Simonette Torres,2023-12-11 05:01:18
767,Mannie Curtois,2024-03-31 08:14:29
768,Kyrstin Hathorn,2023-08-26 17:26:32
769,Sinclare Guirard,2023-10-18 13:53:04
770,Roze Hunsworth,2023-08-05 00:43:39
771,Anabella Hail,2024-01-02 01:25:17
772,Marga Caneo,2024-05-09 01:15:19
773,Sibby Creech,2024-02-03 11:40:04
774,Kalie Cobbe,2023-08-10 02:55:57
775,Mahmoud Frain,2024-03-17 23:03:42
776,Noe Mariette,2024-03-17 08:43:03
777,Karon Carreyette,2023-08-08 12:37:20
778,Erick Fildes,2023-10-22 14:09:01
779,Sharyl McPhelimy,2024-05-16 01:47:04
780,Arlen Roxburgh,2024-01-05 09:11:56
781,Shermie Lamborn,2024-01-04 13:45:24
782,Heywood Anetts,2023-08-19 08:59:17
783,Manon MacBarron,2023-09-01 04:41:03
784,Thatcher McGeffen,2024-06-09 10:42:31
785,Lynnelle Ricco,2024-04-12 09:59:30
786,Noni Norrington,2024-07-23 16:56:54
787,Sherwynd Pieter,2023-10-07 16:51:22
788,Ally MacKinnon,2024-03-18 12:16:45
789,Rog Loudian,2023-09-12 06:49:20
790,Stafford Bligh,2024-03-06 03:20:53
791,Jodee Challin,2023-09-19 16:03:00
792,Lyman Fayer,2024-07-26 07:57:00
793,Yolande Yukhnevich,2024-03-26 14:37:07
794,Demetre Blease,2024-05-16 13:43:01
795,Poul Shaves,2024-01-20 16:10:22
796,Nora Barok,2024-05-09 10:52:18
797,Jilli Du Fray,2023-09-13 16:57:38
798,Joyce McBrier,2024-03-01 12:38:19
799,Kaspar Marflitt,2023-10-31 19:13:09
800,Sarette Carslaw,2024-04-15 12:01:58
801,Meris Harmstone,2024-06-15 12:16:44
802,Yetta Bemand,2023-09-30 03:29:41
803,Boone Geydon,2023-10-15 15:07:55
804,Shanta Dey,2024-05-13 08:25:10
805,Reynold Du Hamel,2024-06-02 06:40:19
806,Evanne Rushbrooke,2023-10-12 16:38:37
807,Jarvis Swalowe,2024-07-22 17:27:23
808,Mychal Wilbraham,2023-09-24 16:12:45
809,Chase Sneesby,2024-02-24 02:54:22
810,Nana Carrabott,2023-12-06 07:22:08
811,Amanda Whitsun,2024-04-09 23:18:40
812,Steffie Barke,2024-07-26 11:49:24
813,Georgena Darque,2023-12-14 23:15:22
814,Jenda Gaze,2023-09-20 10:19:21
815,Kelsey Perrins,2024-05-31 16:20:33
816,Starlene Roalfe,2023-08-07 22:44:51
817,Abigale House,2023-08-17 10:00:21
818,Lexy Bockmann,2024-05-14 00:02:48
819,Bryna O'Lochan,2023-12-07 03:45:43
820,Leroy Domleo,2024-06-04 04:07:31
821,Cindra Lambrechts,2024-04-28 12:29:46
822,Christa Cawston,2024-02-08 17:41:06
823,Micah Blint,2024-04-16 22:07:20
824,Regina Frankema,2024-07-03 08:41:10
825,Dedra Sarton,2024-08-01 17:29:10
826,Marcel Reap,2024-02-26 18:36:12
827,Jeanne McInnes,2023-09-03 01:05:33
828,Abbe Spelman,2024-06-20 02:42:06
829,Drugi Yuryaev,2024-03-26 23:03:47
830,Allianora Blinder,2024-01-10 08:48:54
831,Bethena Mahood,2024-06-12 12:26:44
832,Eward McCaughey,2024-04-15 04:45:38
833,Winny Board,2024-01-07 11:40:04
834,Kim Ceillier,2023-12-29 17:09:20
835,Valerie Jentet,2024-07-15 19:48:10
836,Maddy Dallison,2023-08-10 20:38:17
837,Kurt Plenderleith,2023-11-06 15:10:52
838,Sibylle Beese,2023-11-24 03:29:17
839,Carlee Beecraft,2024-02-06 00:48:06
840,Eal Fallowfield,2024-05-31 09:09:27
841,Sandy Shearmer,2024-01-01 05:24:38
842,Wheeler Wardesworth,2024-07-10 01:24:46
843,Haskell Windmill,2023-12-02 03:09:58
844,Nola Rumgay,2024-06-02 00:51:03
845,Myca Warne,2024-05-31 11:01:48
846,Chickie Tortoise,2024-07-19 19:32:36
847,Gwendolen Vedntyev,2024-07-08 19:40:24
848,Fonsie Piotr,2023-08-12 02:38:47
849,Lucie Krzyzowski,2023-08-09 02:24:48
850,Dena Abrahart,2023-09-07 11:48:40
851,Nancee Sorey,2024-05-15 03:42:10
852,Coriss Hancell,2024-07-23 09:26:02
853,Maurizia Dallow,2024-03-07 11:43:16
854,Timothee Lotterington,2024-03-18 18:46:18
855,Mabel Hauch,2024-07-14 06:16:04
856,Kiele O'Kennavain,2024-06-01 00:54:12
857,Selig Lightbody,2024-04-09 03:31:35
858,Danyelle Weepers,2024-04-13 10:21:32
859,Filippo Firman,2024-01-17 14:35:02
860,Ward Bestiman,2024-06-30 07:23:24
861,Blanche Matusson,2024-05-24 04:45:26
862,Neils Donoher,2024-03-17 01:42:17
863,Marabel Webb,2023-12-22 14:36:04
864,Blinni Braham,2024-01-07 09:34:38
865,Laure Scrafton,2024-04-12 07:36:55
866,Ulla Rhyme,2023-08-28 12:51:05
867,Hymie Finlator,2024-05-21 00:26:15
868,Ronni Klainer,2023-11-03 22:05:41
869,Joby Henrique,2023-08-06 09:49:22
870,Chadwick Patesel,2024-03-06 18:16:58
871,Waylen Kennedy,2024-03-13 10:44:34
872,Othelia Culpan,2023-10-07 23:21:09
873,Allsun Scown,2024-07-16 08:36:34
874,Saw Klulik,2024-05-16 06:25:59
875,Myriam Aaronsohn,2024-05-19 23:54:15
876,Ernaline Orsay,2023-08-07 22:45:53
877,Vincenty Abatelli,2024-06-23 04:06:35
878,Ferd Iddins,2024-07-12 10:14:37
879,Wheeler Boc,2023-10-13 21:11:16
880,Gasper McEvon,2024-08-04 02:02:53
881,Clarence Matchett,2023-10-01 22:17:33
882,Coleman Wrassell,2023-12-28 16:05:37
883,Jessy Caghan,2024-06-30 16:05:49
884,Currie Fawdrie,2024-02-02 09:01:59
885,Carlota Lainton,2023-09-16 18:32:32
886,Sofia Denisovo,2024-07-11 07:21:58
887,Ainsley Gradley,2023-12-06 01:42:05
888,Enrico Monument,2024-07-09 23:40:36
889,Desdemona McKelvey,2024-03-23 09:27:05
890,Cirstoforo Ryhorovich,2024-05-26 23:50:48
891,Judd Murford,2024-07-23 05:35:14
892,Karolina Hellard,2024-01-17 07:03:17
893,Shani Jachimczak,2023-11-08 20:04:18
894,Nanette Farfolomeev,2024-02-26 14:09:49
895,Wilt Stormonth,2023-12-26 00:22:27
896,Jessalyn Greenier,2023-09-27 03:29:37
897,Kellen Kryszkiecicz,2024-05-09 16:17:13
898,Eadmund Camous,2023-11-06 12:18:12
899,Mayor Brimman,2024-07-11 05:21:33
900,Kaiser Le Provest,2023-12-02 22:51:31
901,Neala Tulloch,2024-07-11 21:26:44
902,Jillian Bollum,2023-09-18 07:54:37
903,Kearney Chellam,2024-03-22 11:16:44
904,Stephanus Miche,2024-05-23 10:18:25
905,Shannon Dodimead,2024-03-07 13:55:40
906,Mandie Giovani,2024-02-07 02:21:24
907,Joela Eric,2023-10-03 19:48:25
908,Jo Alldridge,2024-06-09 10:34:01
909,Leroy Van der Beek,2023-08-11 14:30:50
910,Malcolm Loeber,2024-03-10 20:41:26
911,Laughton Bezley,2023-12-07 23:07:56
912,Etan Meadowcraft,2023-11-12 12:45:52
913,Sterling Farthin,2023-09-09 17:19:04
914,Lurleen Izod,2023-09-20 12:21:01
915,Wandis Bowcher,2024-06-02 20:32:55
916,Morley Dreamer,2023-09-30 07:25:07
917,Pier Tick,2024-06-23 19:16:56
918,Catherina Pratte,2024-07-30 21:32:32
919,Howie Brimham,2023-10-22 05:11:22
920,Gabe Kainz,2024-06-02 10:51:08
921,Mae Jobbins,2023-09-02 07:52:01
922,Arlyne Mockes,2024-01-23 02:10:32
923,Keen Reddings,2024-07-27 20:14:28
924,Astrix Fuke,2024-04-28 16:09:05
925,Renate Pagin,2024-05-01 08:47:23
926,Zane Jorio,2024-04-18 09:17:21
927,Rasla Lund,2024-01-06 07:39:30
928,Karlee Metham,2023-10-04 02:20:52
929,Ibrahim Pulver,2023-11-11 01:20:41
930,Toddie Franschini,2024-04-12 17:50:24
931,Eula Bowdrey,2023-10-17 22:00:31
932,Cassaundra Kropach,2023-10-11 07:03:10
933,Darrelle Asker,2023-08-07 21:09:09
934,Leonelle Hartford,2023-08-15 10:55:02
935,Wyatt Ingerman,2024-08-03 08:26:25
936,Gauthier Hrishchenko,2023-10-14 17:30:20
937,Dexter Emmatt,2023-09-11 04:43:41
938,Bat Neno,2024-03-31 16:34:20
939,Dot Goodsall,2024-07-16 21:52:04
940,Aila Storr,2024-07-03 19:47:01
941,Dave Dybald,2024-03-07 23:28:05
942,Caralie Manwell,2024-05-17 07:34:19
943,Zandra Siley,2024-05-07 15:01:14
944,Edouard Luto,2024-01-14 06:45:01
945,Gussi Wootton,2023-10-25 20:28:30
946,Florance McQuilliam,2023-12-30 22:35:25
947,Ulick Jamblin,2024-03-25 10:04:39
948,Susanna Purcell,2024-05-03 02:22:55
949,Kimberlee Glavis,2023-08-27 16:25:02
950,Lambert Weight,2023-09-18 00:23:32
951,Louella Basindale,2023-09-25 00:58:54
952,Willy Windless,2024-07-20 07:47:34
953,Lida Colaton,2024-03-26 01:14:40
954,Shayne Frampton,2024-02-08 14:07:04
955,Marguerite Hazard,2024-07-17 21:56:07
956,Di Cornish,2024-03-09 13:49:08
957,Emery Hercock,2024-07-25 03:45:33
958,Cece Witts,2024-04-26 11:07:20
959,Orrin Kingswood,2024-04-06 04:36:36
960,Justin Haughton,2024-07-21 06:38:50
961,Orelia Jancey,2024-02-26 23:45:41
962,Lura Sibson,2024-01-14 08:32:51
963,Shaine Lawtie,2024-04-16 01:01:14
964,Bessy Wight,2024-06-09 22:27:22
965,Frances Gloves,2024-07-28 03:33:12
966,Burnaby Keunemann,2023-10-23 11:51:29
967,Gian Cockle,2023-10-24 20:42:16
968,Lynde Macon,2024-06-08 01:14:35
969,Perry Metterick,2024-07-07 21:29:07
970,Pandora Moakes,2023-11-19 04:24:26
971,Kali Orrom,2023-09-09 08:01:39
972,Cynthia Honeyghan,2024-02-24 20:35:50
973,Devin Son,2023-08-09 21:27:36
974,Marsha O'Noland,2024-05-05 20:45:27
975,Mei Reisen,2024-03-09 05:36:45
976,Roddy Mehew,2023-11-16 11:51:14
977,Meir Dicken,2023-08-23 05:10:11
978,Shirleen Brusle,2024-06-13 16:49:28
979,Kevyn Castree,2024-04-01 11:01:43
980,Garth Tallman,2024-02-03 02:46:02
981,Nydia Bernardes,2024-05-28 20:43:59
982,Fredra Persian,2023-12-30 22:07:14
983,Jo Antczak,2023-10-10 07:53:16
984,Cordey Dyers,2024-05-30 18:15:46
985,Byrle Beard,2024-03-28 05:00:36
986,Mercie Farraway,2024-01-17 11:05:00
987,Alard Hulke,2023-12-03 05:54:08
988,Somerset Renyard,2023-08-20 07:22:08
989,Ellen Vernalls,2023-08-31 07:23:26
990,Collie Pheasant,2023-08-18 17:35:28
991,Gil Mintoft,2024-04-21 14:06:31
992,Oates Kornes,2024-02-06 17:10:50
993,Jamison Kilmurry,2024-01-27 17:08:32
994,Marina McCallam,2023-09-07 08:27:38
995,Orton Heppenspall,2024-06-21 05:26:31
996,Vitoria Stellman,2024-01-28 08:49:00
997,Modesta Aggett,2023-12-14 16:02:32
998,Estele MacKnockiter,2024-03-16 06:31:49
999,Andi Warrilow,2024-02-04 06:41:17
1000,Carlee Geary,2023-10-28 17:42:26
